Pango lineage,n,time_start,time_end
B,147,2019.978082191781,2020.0614155251142
A,55,2019.978082191781,2020.0614155251142
B.1.398,20,2019.978082191781,2020.0614155251142
B.1,3,2019.978082191781,2020.0614155251142
B.1.36.1,3,2019.978082191781,2020.0614155251142
B.1.2,2,2019.978082191781,2020.0614155251142
B.1.499,2,2019.978082191781,2020.0614155251142
B.12,2,2019.978082191781,2020.0614155251142
B.4,2,2019.978082191781,2020.0614155251142
B.6.8,2,2019.978082191781,2020.0614155251142
B,364,2019.9972471472909,2020.0805804806241
A,158,2019.9972471472909,2020.0805804806241
B.1.398,20,2019.9972471472909,2020.0805804806241
B.1,17,2019.9972471472909,2020.0805804806241
B.4,10,2019.9972471472909,2020.0805804806241
B.1.2,6,2019.9972471472909,2020.0805804806241
A.6,5,2019.9972471472909,2020.0805804806241
B.1.36.1,3,2019.9972471472909,2020.0805804806241
B.1.499,2,2019.9972471472909,2020.0805804806241
B.12,2,2019.9972471472909,2020.0805804806241
B,553,2020.0164121028008,2020.099745436134
A,246,2020.0164121028008,2020.099745436134
B.1,33,2020.0164121028008,2020.099745436134
B.1.398,20,2020.0164121028008,2020.099745436134
B.4,14,2020.0164121028008,2020.099745436134
A.6,6,2020.0164121028008,2020.099745436134
B.1.2,5,2020.0164121028008,2020.099745436134
B.42,5,2020.0164121028008,2020.099745436134
B.1.160,3,2020.0164121028008,2020.099745436134
B.1.177,3,2020.0164121028008,2020.099745436134
B,676,2020.0355770583108,2020.118910391644
A,276,2020.0355770583108,2020.118910391644
B.1,40,2020.0355770583108,2020.118910391644
B.43,32,2020.0355770583108,2020.118910391644
B.42,17,2020.0355770583108,2020.118910391644
B.4,16,2020.0355770583108,2020.118910391644
A.6,6,2020.0355770583108,2020.118910391644
B.1.2,6,2020.0355770583108,2020.118910391644
B.40,6,2020.0355770583108,2020.118910391644
B.1.221,4,2020.0355770583108,2020.118910391644
B,791,2020.0547420138207,2020.138075347154
A,278,2020.0547420138207,2020.138075347154
B.1,53,2020.0547420138207,2020.138075347154
B.43,35,2020.0547420138207,2020.138075347154
B.41,32,2020.0547420138207,2020.138075347154
B.4,29,2020.0547420138207,2020.138075347154
B.42,20,2020.0547420138207,2020.138075347154
B.5,20,2020.0547420138207,2020.138075347154
B.40,15,2020.0547420138207,2020.138075347154
B.1.1,7,2020.0547420138207,2020.138075347154
B,743,2020.0739069693304,2020.1572403026637
A,219,2020.0739069693304,2020.1572403026637
B.1,159,2020.0739069693304,2020.1572403026637
B.41,86,2020.0739069693304,2020.1572403026637
B.4,72,2020.0739069693304,2020.1572403026637
B.43,50,2020.0739069693304,2020.1572403026637
B.1.1,47,2020.0739069693304,2020.1572403026637
B.5,26,2020.0739069693304,2020.1572403026637
A.1,22,2020.0739069693304,2020.1572403026637
B.40,22,2020.0739069693304,2020.1572403026637
B.1,857,2020.0930719248404,2020.1764052581736
B,808,2020.0930719248404,2020.1764052581736
B.1.1,425,2020.0930719248404,2020.1764052581736
A.1,342,2020.0930719248404,2020.1764052581736
A,194,2020.0930719248404,2020.1764052581736
B.4,190,2020.0930719248404,2020.1764052581736
A.2,108,2020.0930719248404,2020.1764052581736
B.41,97,2020.0930719248404,2020.1764052581736
B.40,78,2020.0930719248404,2020.1764052581736
B.3,66,2020.0930719248404,2020.1764052581736
B.1,3356,2020.1122368803503,2020.1955702136836
B.1.1,1104,2020.1122368803503,2020.1955702136836
B,1042,2020.1122368803503,2020.1955702136836
A.1,808,2020.1122368803503,2020.1955702136836
A.2,452,2020.1122368803503,2020.1955702136836
B.4,320,2020.1122368803503,2020.1955702136836
A,302,2020.1122368803503,2020.1955702136836
B.40,228,2020.1122368803503,2020.1955702136836
B.3,224,2020.1122368803503,2020.1955702136836
B.55,124,2020.1122368803503,2020.1955702136836
B.1,9782,2020.1314018358603,2020.2147351691935
B.1.1,2562,2020.1314018358603,2020.2147351691935
A.1,1822,2020.1314018358603,2020.2147351691935
B,1686,2020.1314018358603,2020.2147351691935
A.2,856,2020.1314018358603,2020.2147351691935
B.40,707,2020.1314018358603,2020.2147351691935
A,622,2020.1314018358603,2020.2147351691935
B.4,407,2020.1314018358603,2020.2147351691935
B.3,401,2020.1314018358603,2020.2147351691935
A.5,210,2020.1314018358603,2020.2147351691935
B.1,17998,2020.1505667913702,2020.2339001247035
B.1.1,4984,2020.1505667913702,2020.2339001247035
A.1,2540,2020.1505667913702,2020.2339001247035
B,2423,2020.1505667913702,2020.2339001247035
B.40,1413,2020.1505667913702,2020.2339001247035
A.2,1087,2020.1505667913702,2020.2339001247035
A,958,2020.1505667913702,2020.2339001247035
B.3,684,2020.1505667913702,2020.2339001247035
B.4,425,2020.1505667913702,2020.2339001247035
A.5,335,2020.1505667913702,2020.2339001247035
B.1,25951,2020.1697317468802,2020.2530650802134
B.1.1,8033,2020.1697317468802,2020.2530650802134
A.1,2984,2020.1697317468802,2020.2530650802134
B,2802,2020.1697317468802,2020.2530650802134
B.40,1899,2020.1697317468802,2020.2530650802134
A.2,1203,2020.1697317468802,2020.2530650802134
A,1170,2020.1697317468802,2020.2530650802134
B.3,860,2020.1697317468802,2020.2530650802134
B.1.371,438,2020.1697317468802,2020.2530650802134
A.5,428,2020.1697317468802,2020.2530650802134
B.1,30505,2020.1888967023901,2020.2722300357234
B.1.1,10895,2020.1888967023901,2020.2722300357234
B,2846,2020.1888967023901,2020.2722300357234
A.1,2834,2020.1888967023901,2020.2722300357234
B.40,2096,2020.1888967023901,2020.2722300357234
A,1196,2020.1888967023901,2020.2722300357234
A.2,981,2020.1888967023901,2020.2722300357234
B.3,835,2020.1888967023901,2020.2722300357234
B.1.1.369,528,2020.1888967023901,2020.2722300357234
B.1.147,514,2020.1888967023901,2020.2722300357234
B.1,29870,2020.2080616579,2020.2913949912333
B.1.1,12730,2020.2080616579,2020.2913949912333
B,2356,2020.2080616579,2020.2913949912333
A.1,2028,2020.2080616579,2020.2913949912333
B.40,1967,2020.2080616579,2020.2913949912333
A,992,2020.2080616579,2020.2913949912333
B.3,711,2020.2080616579,2020.2913949912333
B.1.147,687,2020.2080616579,2020.2913949912333
B.1.1.369,661,2020.2080616579,2020.2913949912333
A.2,647,2020.2080616579,2020.2913949912333
B.1,25875,2020.22722661341,2020.3105599467433
B.1.1,12932,2020.22722661341,2020.3105599467433
B,1673,2020.22722661341,2020.3105599467433
A.1,1402,2020.22722661341,2020.3105599467433
B.40,1372,2020.22722661341,2020.3105599467433
B.1.279,885,2020.22722661341,2020.3105599467433
B.1.147,742,2020.22722661341,2020.3105599467433
A,726,2020.22722661341,2020.3105599467433
B.1.1.369,724,2020.22722661341,2020.3105599467433
B.1.93,626,2020.22722661341,2020.3105599467433
B.1,20755,2020.2463915689198,2020.329724902253
B.1.1,11406,2020.2463915689198,2020.329724902253
B.1.279,1138,2020.2463915689198,2020.329724902253
B,1084,2020.2463915689198,2020.329724902253
B.40,807,2020.2463915689198,2020.329724902253
A.1,803,2020.2463915689198,2020.329724902253
B.1.1.369,716,2020.2463915689198,2020.329724902253
B.1.147,711,2020.2463915689198,2020.329724902253
B.1.1.33,661,2020.2463915689198,2020.329724902253
B.1.93,597,2020.2463915689198,2020.329724902253
B.1,16466,2020.2655565244297,2020.348889857763
B.1.1,9617,2020.2655565244297,2020.348889857763
B.1.279,1255,2020.2655565244297,2020.348889857763
B,746,2020.2655565244297,2020.348889857763
B.1.1.369,700,2020.2655565244297,2020.348889857763
B.1.1.33,614,2020.2655565244297,2020.348889857763
B.1.147,557,2020.2655565244297,2020.348889857763
A.1,555,2020.2655565244297,2020.348889857763
B.1.93,514,2020.2655565244297,2020.348889857763
B.1.1.1,494,2020.2655565244297,2020.348889857763
B.1,13570,2020.2847214799397,2020.368054813273
B.1.1,7525,2020.2847214799397,2020.368054813273
B.1.279,1186,2020.2847214799397,2020.368054813273
B.1.1.369,729,2020.2847214799397,2020.368054813273
B.1.1.33,577,2020.2847214799397,2020.368054813273
B,546,2020.2847214799397,2020.368054813273
B.1.1.1,454,2020.2847214799397,2020.368054813273
B.1.93,442,2020.2847214799397,2020.368054813273
B.1.1.28,438,2020.2847214799397,2020.368054813273
B.1.147,425,2020.2847214799397,2020.368054813273
B.1,11352,2020.3038864354496,2020.3872197687829
B.1.1,5898,2020.3038864354496,2020.3872197687829
B.1.279,746,2020.3038864354496,2020.3872197687829
B.1.1.369,704,2020.3038864354496,2020.3872197687829
B.1.1.33,489,2020.3038864354496,2020.3872197687829
A,431,2020.3038864354496,2020.3872197687829
B,430,2020.3038864354496,2020.3872197687829
B.1.147,397,2020.3038864354496,2020.3872197687829
B.1.1.1,392,2020.3038864354496,2020.3872197687829
B.1.1.28,380,2020.3038864354496,2020.3872197687829
B.1,9486,2020.3230513909596,2020.4063847242928
B.1.1,4819,2020.3230513909596,2020.4063847242928
B.1.1.369,607,2020.3230513909596,2020.4063847242928
B.1.426,427,2020.3230513909596,2020.4063847242928
B.1.369,388,2020.3230513909596,2020.4063847242928
A,376,2020.3230513909596,2020.4063847242928
B.1.1.33,365,2020.3230513909596,2020.4063847242928
B.1.279,365,2020.3230513909596,2020.4063847242928
B.1.147,354,2020.3230513909596,2020.4063847242928
B.1.595,313,2020.3230513909596,2020.4063847242928
B.1,7799,2020.3422163464695,2020.4255496798028
B.1.1,3895,2020.3422163464695,2020.4255496798028
B.1.369,536,2020.3422163464695,2020.4255496798028
B.1.426,517,2020.3422163464695,2020.4255496798028
B.1.1.369,513,2020.3422163464695,2020.4255496798028
B.1.1.291,400,2020.3422163464695,2020.4255496798028
B.1.1.33,377,2020.3422163464695,2020.4255496798028
A,342,2020.3422163464695,2020.4255496798028
B.1.595,327,2020.3422163464695,2020.4255496798028
B.1.147,298,2020.3422163464695,2020.4255496798028
B.1,6762,2020.3613813019795,2020.4447146353127
B.1.1,3697,2020.3613813019795,2020.4447146353127
B.1.369,660,2020.3613813019795,2020.4447146353127
B.1.1.291,628,2020.3613813019795,2020.4447146353127
B.1.1.369,459,2020.3613813019795,2020.4447146353127
B.1.426,448,2020.3613813019795,2020.4447146353127
B.1.595,398,2020.3613813019795,2020.4447146353127
B.1.1.33,386,2020.3613813019795,2020.4447146353127
A,320,2020.3613813019795,2020.4447146353127
B.1.428,280,2020.3613813019795,2020.4447146353127
B.1,6313,2020.3805462574894,2020.4638795908227
B.1.1,3836,2020.3805462574894,2020.4638795908227
B.1.329,814,2020.3805462574894,2020.4638795908227
B.1.1.291,776,2020.3805462574894,2020.4638795908227
B.1.369,727,2020.3805462574894,2020.4638795908227
B.1.1.33,427,2020.3805462574894,2020.4638795908227
B.1.1.369,409,2020.3805462574894,2020.4638795908227
B.1.426,361,2020.3805462574894,2020.4638795908227
B.1.1.1,325,2020.3805462574894,2020.4638795908227
B.1.595,323,2020.3805462574894,2020.4638795908227
B.1,6219,2020.3997112129994,2020.4830445463326
B.1.1,4049,2020.3997112129994,2020.4830445463326
B.1.329,1565,2020.3997112129994,2020.4830445463326
B.1.1.291,783,2020.3997112129994,2020.4830445463326
B.1.369,778,2020.3997112129994,2020.4830445463326
B.1.1.33,462,2020.3997112129994,2020.4830445463326
B.1.2,456,2020.3997112129994,2020.4830445463326
B.1.595,428,2020.3997112129994,2020.4830445463326
B.1.1.1,404,2020.3997112129994,2020.4830445463326
B.1.1.37,374,2020.3997112129994,2020.4830445463326
B.1,6140,2020.418876168509,2020.5022095018423
B.1.1,4169,2020.418876168509,2020.5022095018423
B.1.329,1603,2020.418876168509,2020.5022095018423
B.1.2,876,2020.418876168509,2020.5022095018423
B.1.369,772,2020.418876168509,2020.5022095018423
B.1.1.291,658,2020.418876168509,2020.5022095018423
B.1.595,586,2020.418876168509,2020.5022095018423
B.1.206,565,2020.418876168509,2020.5022095018423
D.2,519,2020.418876168509,2020.5022095018423
B.1.1.33,462,2020.418876168509,2020.5022095018423
B.1,6328,2020.438041124019,2020.5213744573523
B.1.1,4000,2020.438041124019,2020.5213744573523
B.1.2,1640,2020.438041124019,2020.5213744573523
B.1.329,1624,2020.438041124019,2020.5213744573523
D.2,1318,2020.438041124019,2020.5213744573523
B.1.369,883,2020.438041124019,2020.5213744573523
B.1.206,715,2020.438041124019,2020.5213744573523
B.1.595,706,2020.438041124019,2020.5213744573523
B.1.240,516,2020.438041124019,2020.5213744573523
B.1.1.284,504,2020.438041124019,2020.5213744573523
B.1,6745,2020.457206079529,2020.5405394128622
B.1.1,3316,2020.457206079529,2020.5405394128622
D.2,2622,2020.457206079529,2020.5405394128622
B.1.2,1965,2020.457206079529,2020.5405394128622
B.1.329,1051,2020.457206079529,2020.5405394128622
B.1.369,1044,2020.457206079529,2020.5405394128622
B.1.1.284,810,2020.457206079529,2020.5405394128622
B.1.595,808,2020.457206079529,2020.5405394128622
B.1.206,742,2020.457206079529,2020.5405394128622
B.1.240,728,2020.457206079529,2020.5405394128622
B.1,7086,2020.476371035039,2020.5597043683722
D.2,4703,2020.476371035039,2020.5597043683722
B.1.1,2974,2020.476371035039,2020.5597043683722
B.1.2,2243,2020.476371035039,2020.5597043683722
B.1.1.284,1207,2020.476371035039,2020.5597043683722
B.1.369,1206,2020.476371035039,2020.5597043683722
B.1.240,887,2020.476371035039,2020.5597043683722
B.1.595,809,2020.476371035039,2020.5597043683722
B.1.206,700,2020.476371035039,2020.5597043683722
B.1.582,677,2020.476371035039,2020.5597043683722
B.1,7155,2020.495535990549,2020.5788693238821
D.2,6550,2020.495535990549,2020.5788693238821
B.1.1,2757,2020.495535990549,2020.5788693238821
B.1.2,2417,2020.495535990549,2020.5788693238821
B.1.1.284,2019,2020.495535990549,2020.5788693238821
B.1.369,1277,2020.495535990549,2020.5788693238821
B.1.240,955,2020.495535990549,2020.5788693238821
B.1.595,826,2020.495535990549,2020.5788693238821
B.1.582,676,2020.495535990549,2020.5788693238821
B.1.206,548,2020.495535990549,2020.5788693238821
D.2,7897,2020.5147009460588,2020.598034279392
B.1,6843,2020.5147009460588,2020.598034279392
B.1.1.284,2865,2020.5147009460588,2020.598034279392
B.1.1,2493,2020.5147009460588,2020.598034279392
B.1.2,2457,2020.5147009460588,2020.598034279392
B.1.369,1235,2020.5147009460588,2020.598034279392
B.1.240,1011,2020.5147009460588,2020.598034279392
B.1.595,800,2020.5147009460588,2020.598034279392
B.1.582,682,2020.5147009460588,2020.598034279392
B.1.1.63,547,2020.5147009460588,2020.598034279392
D.2,7927,2020.5338659015688,2020.617199234902
B.1,6003,2020.5338659015688,2020.617199234902
B.1.1.284,3267,2020.5338659015688,2020.617199234902
B.1.1,2761,2020.5338659015688,2020.617199234902
B.1.2,2130,2020.5338659015688,2020.617199234902
B.1.369,1052,2020.5338659015688,2020.617199234902
B.1.240,935,2020.5338659015688,2020.617199234902
B.1.1.214,681,2020.5338659015688,2020.617199234902
B.1.595,642,2020.5338659015688,2020.617199234902
B.1.582,614,2020.5338659015688,2020.617199234902
D.2,7242,2020.5530308570787,2020.636364190412
B.1,5011,2020.5530308570787,2020.636364190412
B.1.1.284,3449,2020.5530308570787,2020.636364190412
B.1.1,2754,2020.5530308570787,2020.636364190412
B.1.2,2133,2020.5530308570787,2020.636364190412
B.1.369,945,2020.5530308570787,2020.636364190412
B.1.1.214,889,2020.5530308570787,2020.636364190412
B.1.240,867,2020.5530308570787,2020.636364190412
B.1.177,853,2020.5530308570787,2020.636364190412
B.1.243,611,2020.5530308570787,2020.636364190412
D.2,5951,2020.5721958125887,2020.655529145922
B.1,4447,2020.5721958125887,2020.655529145922
B.1.1.284,3188,2020.5721958125887,2020.655529145922
B.1.1,2617,2020.5721958125887,2020.655529145922
B.1.2,2333,2020.5721958125887,2020.655529145922
B.1.177,1260,2020.5721958125887,2020.655529145922
B.1.1.214,1018,2020.5721958125887,2020.655529145922
B.1.369,864,2020.5721958125887,2020.655529145922
B.1.240,845,2020.5721958125887,2020.655529145922
B.1.243,639,2020.5721958125887,2020.655529145922
D.2,4361,2020.5913607680984,2020.6746941014317
B.1,4066,2020.5913607680984,2020.6746941014317
B.1.1.284,2541,2020.5913607680984,2020.6746941014317
B.1.1,2530,2020.5913607680984,2020.6746941014317
B.1.2,2508,2020.5913607680984,2020.6746941014317
B.1.177,1793,2020.5913607680984,2020.6746941014317
B.1.1.214,1029,2020.5913607680984,2020.6746941014317
B.1.160,913,2020.5913607680984,2020.6746941014317
B.1.240,839,2020.5913607680984,2020.6746941014317
B.1.369,807,2020.5913607680984,2020.6746941014317
B.1,3618,2020.6105257236084,2020.6938590569416
D.2,3271,2020.6105257236084,2020.6938590569416
B.1.2,2752,2020.6105257236084,2020.6938590569416
B.1.177,2686,2020.6105257236084,2020.6938590569416
B.1.1,2421,2020.6105257236084,2020.6938590569416
B.1.1.284,1901,2020.6105257236084,2020.6938590569416
B.1.160,1349,2020.6105257236084,2020.6938590569416
B.1.240,859,2020.6105257236084,2020.6938590569416
B.1.1.214,855,2020.6105257236084,2020.6938590569416
B.1.369,853,2020.6105257236084,2020.6938590569416
B.1.177,3392,2020.6296906791183,2020.7130240124516
B.1,3302,2020.6296906791183,2020.7130240124516
B.1.2,3181,2020.6296906791183,2020.7130240124516
D.2,2291,2020.6296906791183,2020.7130240124516
B.1.1,2123,2020.6296906791183,2020.7130240124516
B.1.160,1785,2020.6296906791183,2020.7130240124516
B.1.1.284,1469,2020.6296906791183,2020.7130240124516
B.1.240,1023,2020.6296906791183,2020.7130240124516
AD.2,910,2020.6296906791183,2020.7130240124516
B.1.369,901,2020.6296906791183,2020.7130240124516
B.1.177,4810,2020.6488556346283,2020.7321889679615
B.1.2,3781,2020.6488556346283,2020.7321889679615
B.1,3414,2020.6488556346283,2020.7321889679615
B.1.1,2151,2020.6488556346283,2020.7321889679615
B.1.160,2132,2020.6488556346283,2020.7321889679615
D.2,1368,2020.6488556346283,2020.7321889679615
AD.2,1191,2020.6488556346283,2020.7321889679615
B.1.1.284,1116,2020.6488556346283,2020.7321889679615
B.1.1.37,1116,2020.6488556346283,2020.7321889679615
B.1.240,1072,2020.6488556346283,2020.7321889679615
B.1.177,5884,2020.6680205901382,2020.7513539234715
B.1.2,4260,2020.6680205901382,2020.7513539234715
B.1,3412,2020.6680205901382,2020.7513539234715
B.1.160,2173,2020.6680205901382,2020.7513539234715
B.1.1,2155,2020.6680205901382,2020.7513539234715
B.1.1.37,1351,2020.6680205901382,2020.7513539234715
AD.2,1166,2020.6680205901382,2020.7513539234715
B.1.240,1083,2020.6680205901382,2020.7513539234715
B.1.1.284,851,2020.6680205901382,2020.7513539234715
B.1.369,839,2020.6680205901382,2020.7513539234715
B.1.177,7945,2020.6871855456482,2020.7705188789814
B.1.2,5498,2020.6871855456482,2020.7705188789814
B.1,4057,2020.6871855456482,2020.7705188789814
B.1.160,2374,2020.6871855456482,2020.7705188789814
B.1.1,2343,2020.6871855456482,2020.7705188789814
B.1.1.37,1615,2020.6871855456482,2020.7705188789814
AD.2,1305,2020.6871855456482,2020.7705188789814
B.1.240,1160,2020.6871855456482,2020.7705188789814
B.1.177.45,1094,2020.6871855456482,2020.7705188789814
B.1.243,981,2020.6871855456482,2020.7705188789814
B.1.177,9425,2020.706350501158,2020.7896838344914
B.1.2,6275,2020.706350501158,2020.7896838344914
B.1,4515,2020.706350501158,2020.7896838344914
B.1.160,2579,2020.706350501158,2020.7896838344914
B.1.1,2477,2020.706350501158,2020.7896838344914
B.1.1.37,1735,2020.706350501158,2020.7896838344914
B.1.177.45,1473,2020.706350501158,2020.7896838344914
AD.2,1340,2020.706350501158,2020.7896838344914
B.1.243,1133,2020.706350501158,2020.7896838344914
B.1.240,1130,2020.706350501158,2020.7896838344914
B.1.177,11536,2020.725515456668,2020.8088487900013
B.1.2,7656,2020.725515456668,2020.8088487900013
B.1,5054,2020.725515456668,2020.8088487900013
B.1.160,3071,2020.725515456668,2020.8088487900013
B.1.1,2533,2020.725515456668,2020.8088487900013
B.1.1.37,1797,2020.725515456668,2020.8088487900013
B.1.177.45,1540,2020.725515456668,2020.8088487900013
B.1.177.4,1414,2020.725515456668,2020.8088487900013
AD.2,1371,2020.725515456668,2020.8088487900013
B.1.243,1324,2020.725515456668,2020.8088487900013
B.1.177,12728,2020.744680412178,2020.8280137455113
B.1.2,9222,2020.744680412178,2020.8280137455113
B.1,5120,2020.744680412178,2020.8280137455113
B.1.160,3815,2020.744680412178,2020.8280137455113
B.1.1,2460,2020.744680412178,2020.8280137455113
B.1.177.45,1701,2020.744680412178,2020.8280137455113
B.1.258,1678,2020.744680412178,2020.8280137455113
B.1.1.37,1600,2020.744680412178,2020.8280137455113
B.1.177.4,1528,2020.744680412178,2020.8280137455113
B.1.243,1522,2020.744680412178,2020.8280137455113
B.1.177,14855,2020.7638453676877,2020.847178701021
B.1.2,12462,2020.7638453676877,2020.847178701021
B.1,5331,2020.7638453676877,2020.847178701021
B.1.160,4498,2020.7638453676877,2020.847178701021
B.1.1,2488,2020.7638453676877,2020.847178701021
B.1.258,2133,2020.7638453676877,2020.847178701021
B.1.243,1838,2020.7638453676877,2020.847178701021
B.1.177.4,1711,2020.7638453676877,2020.847178701021
B.1.1.37,1461,2020.7638453676877,2020.847178701021
B.1.177.45,1415,2020.7638453676877,2020.847178701021
B.1.177,17235,2020.7830103231977,2020.866343656531
B.1.2,15213,2020.7830103231977,2020.866343656531
B.1,5597,2020.7830103231977,2020.866343656531
B.1.160,5026,2020.7830103231977,2020.866343656531
B.1.1,2483,2020.7830103231977,2020.866343656531
B.1.258,2320,2020.7830103231977,2020.866343656531
B.1.243,2032,2020.7830103231977,2020.866343656531
B.1.177.4,1938,2020.7830103231977,2020.866343656531
B.1.177.7,1486,2020.7830103231977,2020.866343656531
AD.2,1417,2020.7830103231977,2020.866343656531
B.1.177,17782,2020.8021752787076,2020.885508612041
B.1.2,17567,2020.8021752787076,2020.885508612041
B.1,5616,2020.8021752787076,2020.885508612041
B.1.160,5033,2020.8021752787076,2020.885508612041
B.1.1,2548,2020.8021752787076,2020.885508612041
B.1.258,2366,2020.8021752787076,2020.885508612041
B.1.243,2101,2020.8021752787076,2020.885508612041
B.1.177.4,1900,2020.8021752787076,2020.885508612041
B.1.1.214,1841,2020.8021752787076,2020.885508612041
B.1.177.7,1548,2020.8021752787076,2020.885508612041
B.1.2,18403,2020.8213402342176,2020.9046735675508
B.1.177,16961,2020.8213402342176,2020.9046735675508
B.1,5151,2020.8213402342176,2020.9046735675508
B.1.160,4442,2020.8213402342176,2020.9046735675508
B.1.1,2567,2020.8213402342176,2020.9046735675508
B.1.1.214,2376,2020.8213402342176,2020.9046735675508
B.1.1.7,2179,2020.8213402342176,2020.9046735675508
B.1.258,2130,2020.8213402342176,2020.9046735675508
B.1.243,2061,2020.8213402342176,2020.9046735675508
B.1.177.4,1711,2020.8213402342176,2020.9046735675508
B.1.2,20122,2020.8405051897275,2020.9238385230608
B.1.177,15030,2020.8405051897275,2020.9238385230608
B.1,5338,2020.8405051897275,2020.9238385230608
B.1.160,4247,2020.8405051897275,2020.9238385230608
B.1.1.214,2999,2020.8405051897275,2020.9238385230608
B.1.1.7,2655,2020.8405051897275,2020.9238385230608
B.1.1,2456,2020.8405051897275,2020.9238385230608
B.1.243,2242,2020.8405051897275,2020.9238385230608
B.1.177.21,1981,2020.8405051897275,2020.9238385230608
B.1.258,1977,2020.8405051897275,2020.9238385230608
B.1.2,20321,2020.8596701452375,2020.9430034785707
B.1.177,14163,2020.8596701452375,2020.9430034785707
B.1,5539,2020.8596701452375,2020.9430034785707
B.1.1.7,4829,2020.8596701452375,2020.9430034785707
B.1.160,4133,2020.8596701452375,2020.9430034785707
B.1.1.214,3581,2020.8596701452375,2020.9430034785707
B.1.177.21,3127,2020.8596701452375,2020.9430034785707
B.1.1,2498,2020.8596701452375,2020.9430034785707
B.1.243,2293,2020.8596701452375,2020.9430034785707
B.1.258,1979,2020.8596701452375,2020.9430034785707
B.1.2,21067,2020.8788351007474,2020.9621684340807
B.1.177,13858,2020.8788351007474,2020.9621684340807
B.1.1.7,9630,2020.8788351007474,2020.9621684340807
B.1,6114,2020.8788351007474,2020.9621684340807
B.1.160,4399,2020.8788351007474,2020.9621684340807
B.1.177.21,4284,2020.8788351007474,2020.9621684340807
B.1.1.214,3838,2020.8788351007474,2020.9621684340807
B.1.243,2600,2020.8788351007474,2020.9621684340807
B.1.429,2559,2020.8788351007474,2020.9621684340807
B.1.1,2533,2020.8788351007474,2020.9621684340807
B.1.2,20672,2020.8980000562574,2020.9813333895906
B.1.177,13534,2020.8980000562574,2020.9813333895906
B.1.1.7,13214,2020.8980000562574,2020.9813333895906
B.1,6306,2020.8980000562574,2020.9813333895906
B.1.177.21,4820,2020.8980000562574,2020.9813333895906
B.1.160,4716,2020.8980000562574,2020.9813333895906
B.1.1.214,4003,2020.8980000562574,2020.9813333895906
B.1.429,3036,2020.8980000562574,2020.9813333895906
B.1.243,2647,2020.8980000562574,2020.9813333895906
B.1.1,2552,2020.8980000562574,2020.9813333895906
B.1.2,22616,2020.917165011767,2021.0004983451004
B.1.1.7,20178,2020.917165011767,2021.0004983451004
B.1.177,14562,2020.917165011767,2021.0004983451004
B.1,6665,2020.917165011767,2021.0004983451004
B.1.160,5081,2020.917165011767,2021.0004983451004
B.1.177.21,4992,2020.917165011767,2021.0004983451004
B.1.1.214,4198,2020.917165011767,2021.0004983451004
B.1.429,3734,2020.917165011767,2021.0004983451004
B.1.243,2917,2020.917165011767,2021.0004983451004
B.1.1,2621,2020.917165011767,2021.0004983451004
B.1.1.7,31160,2020.936329967277,2021.0196633006103
B.1.2,27370,2020.936329967277,2021.0196633006103
B.1.177,15014,2020.936329967277,2021.0196633006103
B.1,7143,2020.936329967277,2021.0196633006103
B.1.429,5684,2020.936329967277,2021.0196633006103
B.1.160,5462,2020.936329967277,2021.0196633006103
B.1.1.214,5268,2020.936329967277,2021.0196633006103
B.1.177.21,4702,2020.936329967277,2021.0196633006103
B.1.243,3603,2020.936329967277,2021.0196633006103
B.1.1,2961,2020.936329967277,2021.0196633006103
B.1.1.7,42863,2020.955494922787,2021.0388282561203
B.1.2,29635,2020.955494922787,2021.0388282561203
B.1.177,14422,2020.955494922787,2021.0388282561203
B.1,6978,2020.955494922787,2021.0388282561203
B.1.429,6804,2020.955494922787,2021.0388282561203
B.1.160,5994,2020.955494922787,2021.0388282561203
B.1.1.214,5831,2020.955494922787,2021.0388282561203
B.1.177.21,4330,2020.955494922787,2021.0388282561203
B.1.243,3676,2020.955494922787,2021.0388282561203
B.1.351,3318,2020.955494922787,2021.0388282561203
B.1.1.7,54554,2020.974659878297,2021.0579932116302
B.1.2,33691,2020.974659878297,2021.0579932116302
B.1.177,13706,2020.974659878297,2021.0579932116302
B.1.429,8946,2020.974659878297,2021.0579932116302
B.1,7608,2020.974659878297,2021.0579932116302
B.1.160,6571,2020.974659878297,2021.0579932116302
B.1.1.214,6545,2020.974659878297,2021.0579932116302
B.1.427,4241,2020.974659878297,2021.0579932116302
B.1.177.21,4156,2020.974659878297,2021.0579932116302
B.1.243,4050,2020.974659878297,2021.0579932116302
B.1.1.7,73516,2020.993824833807,2021.0771581671402
B.1.2,35591,2020.993824833807,2021.0771581671402
B.1.177,13800,2020.993824833807,2021.0771581671402
B.1.429,10300,2020.993824833807,2021.0771581671402
B.1,7872,2020.993824833807,2021.0771581671402
B.1.160,7204,2020.993824833807,2021.0771581671402
B.1.1.214,6736,2020.993824833807,2021.0771581671402
B.1.427,5083,2020.993824833807,2021.0771581671402
B.1.243,4041,2020.993824833807,2021.0771581671402
B.1.351,3759,2020.993824833807,2021.0771581671402
B.1.1.7,86099,2021.0129897893169,2021.0963231226501
B.1.2,35309,2021.0129897893169,2021.0963231226501
B.1.177,13604,2021.0129897893169,2021.0963231226501
B.1.429,13238,2021.0129897893169,2021.0963231226501
B.1,8276,2021.0129897893169,2021.0963231226501
B.1.160,7292,2021.0129897893169,2021.0963231226501
B.1.427,6240,2021.0129897893169,2021.0963231226501
B.1.1.214,6088,2021.0129897893169,2021.0963231226501
B.1.221,3894,2021.0129897893169,2021.0963231226501
B.1.351,3873,2021.0129897893169,2021.0963231226501
B.1.1.7,100648,2021.0321547448268,2021.11548807816
B.1.2,34317,2021.0321547448268,2021.11548807816
B.1.429,15023,2021.0321547448268,2021.11548807816
B.1.177,12626,2021.0321547448268,2021.11548807816
B.1,8666,2021.0321547448268,2021.11548807816
B.1.427,7247,2021.0321547448268,2021.11548807816
B.1.160,6875,2021.0321547448268,2021.11548807816
B.1.1.214,4791,2021.0321547448268,2021.11548807816
B.1.351,4060,2021.0321547448268,2021.11548807816
B.1.221,4049,2021.0321547448268,2021.11548807816
B.1.1.7,117638,2021.0513197003368,2021.13465303367
B.1.2,31317,2021.0513197003368,2021.13465303367
B.1.429,14267,2021.0513197003368,2021.13465303367
B.1.177,11272,2021.0513197003368,2021.13465303367
B.1,8334,2021.0513197003368,2021.13465303367
B.1.427,7177,2021.0513197003368,2021.13465303367
B.1.160,6305,2021.0513197003368,2021.13465303367
B.1.351,4410,2021.0513197003368,2021.13465303367
B.1.1.519,4033,2021.0513197003368,2021.13465303367
B.1.221,3891,2021.0513197003368,2021.13465303367
B.1.1.7,137567,2021.0704846558467,2021.15381798918
B.1.2,29902,2021.0704846558467,2021.15381798918
B.1.429,15442,2021.0704846558467,2021.15381798918
B.1.177,9739,2021.0704846558467,2021.15381798918
B.1,8694,2021.0704846558467,2021.15381798918
B.1.427,7760,2021.0704846558467,2021.15381798918
B.1.160,5564,2021.0704846558467,2021.15381798918
B.1.351,4930,2021.0704846558467,2021.15381798918
B.1.1.519,4923,2021.0704846558467,2021.15381798918
B.1.1,3908,2021.0704846558467,2021.15381798918
B.1.1.7,157214,2021.0896496113564,2021.1729829446897
B.1.2,28134,2021.0896496113564,2021.1729829446897
B.1.429,14811,2021.0896496113564,2021.1729829446897
B.1,8516,2021.0896496113564,2021.1729829446897
B.1.177,7931,2021.0896496113564,2021.1729829446897
B.1.427,7523,2021.0896496113564,2021.1729829446897
B.1.1.519,6148,2021.0896496113564,2021.1729829446897
B.1.351,5746,2021.0896496113564,2021.1729829446897
B.1.160,4518,2021.0896496113564,2021.1729829446897
B.1.526,4083,2021.0896496113564,2021.1729829446897
B.1.1.7,187796,2021.1088145668664,2021.1921479001996
B.1.2,26670,2021.1088145668664,2021.1921479001996
B.1.429,14110,2021.1088145668664,2021.1921479001996
B.1,8398,2021.1088145668664,2021.1921479001996
B.1.1.519,7129,2021.1088145668664,2021.1921479001996
B.1.427,7025,2021.1088145668664,2021.1921479001996
B.1.351,6747,2021.1088145668664,2021.1921479001996
B.1.177,6693,2021.1088145668664,2021.1921479001996
B.1.526,5278,2021.1088145668664,2021.1921479001996
P.1,3868,2021.1088145668664,2021.1921479001996
B.1.1.7,219683,2021.1279795223763,2021.2113128557096
B.1.2,24032,2021.1279795223763,2021.2113128557096
B.1.429,14019,2021.1279795223763,2021.2113128557096
B.1.351,7878,2021.1279795223763,2021.2113128557096
B.1.1.519,7876,2021.1279795223763,2021.2113128557096
B.1,7750,2021.1279795223763,2021.2113128557096
B.1.526,7162,2021.1279795223763,2021.2113128557096
B.1.427,6694,2021.1279795223763,2021.2113128557096
B.1.177,5228,2021.1279795223763,2021.2113128557096
P.1,4775,2021.1279795223763,2021.2113128557096
B.1.1.7,254774,2021.1471444778863,2021.2304778112195
B.1.2,21269,2021.1471444778863,2021.2304778112195
B.1.429,14194,2021.1471444778863,2021.2304778112195
B.1.526,10032,2021.1471444778863,2021.2304778112195
B.1.351,8792,2021.1471444778863,2021.2304778112195
B.1.1.519,8606,2021.1471444778863,2021.2304778112195
B.1,6884,2021.1471444778863,2021.2304778112195
B.1.427,6494,2021.1471444778863,2021.2304778112195
P.1,6354,2021.1471444778863,2021.2304778112195
B.1.177,3799,2021.1471444778863,2021.2304778112195
B.1.1.7,280788,2021.1663094333962,2021.2496427667295
B.1.2,17586,2021.1663094333962,2021.2496427667295
B.1.429,13816,2021.1663094333962,2021.2496427667295
B.1.526,13167,2021.1663094333962,2021.2496427667295
B.1.351,9329,2021.1663094333962,2021.2496427667295
B.1.1.519,9044,2021.1663094333962,2021.2496427667295
P.1,7619,2021.1663094333962,2021.2496427667295
B.1,6759,2021.1663094333962,2021.2496427667295
B.1.427,6223,2021.1663094333962,2021.2496427667295
R.1,4308,2021.1663094333962,2021.2496427667295
B.1.1.7,301134,2021.1854743889062,2021.2688077222394
B.1.526,15930,2021.1854743889062,2021.2688077222394
B.1.2,13723,2021.1854743889062,2021.2688077222394
B.1.429,12632,2021.1854743889062,2021.2688077222394
P.1,10136,2021.1854743889062,2021.2688077222394
B.1.351,9290,2021.1854743889062,2021.2688077222394
B.1.1.519,8843,2021.1854743889062,2021.2688077222394
B.1,6023,2021.1854743889062,2021.2688077222394
B.1.427,5492,2021.1854743889062,2021.2688077222394
B.1.637,5156,2021.1854743889062,2021.2688077222394
B.1.1.7,313637,2021.2046393444161,2021.2879726777494
B.1.526,18481,2021.2046393444161,2021.2879726777494
P.1,12508,2021.2046393444161,2021.2879726777494
B.1.429,11308,2021.2046393444161,2021.2879726777494
B.1.2,10133,2021.2046393444161,2021.2879726777494
B.1.351,8808,2021.2046393444161,2021.2879726777494
B.1.1.519,8739,2021.2046393444161,2021.2879726777494
B.1.637,5960,2021.2046393444161,2021.2879726777494
B.1.617.2,5643,2021.2046393444161,2021.2879726777494
P.1.14,5529,2021.2046393444161,2021.2879726777494
B.1.1.7,318331,2021.223804299926,2021.3071376332593
B.1.526,19413,2021.223804299926,2021.3071376332593
P.1,14508,2021.223804299926,2021.3071376332593
B.1.429,9479,2021.223804299926,2021.3071376332593
B.1.617.2,8721,2021.223804299926,2021.3071376332593
B.1.351,8162,2021.223804299926,2021.3071376332593
B.1.1.519,7999,2021.223804299926,2021.3071376332593
B.1.2,6938,2021.223804299926,2021.3071376332593
P.1.14,6254,2021.223804299926,2021.3071376332593
B.1.637,5977,2021.223804299926,2021.3071376332593
B.1.1.7,320105,2021.242969255436,2021.3263025887693
B.1.526,18851,2021.242969255436,2021.3263025887693
P.1,16874,2021.242969255436,2021.3263025887693
B.1.617.2,12730,2021.242969255436,2021.3263025887693
B.1.429,7647,2021.242969255436,2021.3263025887693
B.1.351,7557,2021.242969255436,2021.3263025887693
B.1.1.519,7238,2021.242969255436,2021.3263025887693
P.1.14,6874,2021.242969255436,2021.3263025887693
B.1.637,5752,2021.242969255436,2021.3263025887693
B.1.2,4713,2021.242969255436,2021.3263025887693
B.1.1.7,322132,2021.2621342109458,2021.345467544279
P.1,18490,2021.2621342109458,2021.345467544279
B.1.526,17322,2021.2621342109458,2021.345467544279
B.1.617.2,16461,2021.2621342109458,2021.345467544279
B.1.351,7191,2021.2621342109458,2021.345467544279
P.1.14,6590,2021.2621342109458,2021.345467544279
B.1.1.519,6310,2021.2621342109458,2021.345467544279
B.1.429,5782,2021.2621342109458,2021.345467544279
B.1.637,5360,2021.2621342109458,2021.345467544279
R.1,3828,2021.2621342109458,2021.345467544279
B.1.1.7,303329,2021.2812991664557,2021.364632499789
P.1,18725,2021.2812991664557,2021.364632499789
B.1.617.2,18629,2021.2812991664557,2021.364632499789
B.1.526,14788,2021.2812991664557,2021.364632499789
B.1.351,6478,2021.2812991664557,2021.364632499789
P.1.14,6211,2021.2812991664557,2021.364632499789
B.1.1.519,5363,2021.2812991664557,2021.364632499789
B.1.637,4561,2021.2812991664557,2021.364632499789
B.1.429,4069,2021.2812991664557,2021.364632499789
Q.3,3320,2021.2812991664557,2021.364632499789
B.1.1.7,280371,2021.3004641219657,2021.383797455299
B.1.617.2,20467,2021.3004641219657,2021.383797455299
P.1,18870,2021.3004641219657,2021.383797455299
B.1.526,11960,2021.3004641219657,2021.383797455299
P.1.14,6028,2021.3004641219657,2021.383797455299
AY.4,5993,2021.3004641219657,2021.383797455299
B.1.351,5845,2021.3004641219657,2021.383797455299
B.1.1.519,4360,2021.3004641219657,2021.383797455299
B.1.637,4034,2021.3004641219657,2021.383797455299
Q.3,2998,2021.3004641219657,2021.383797455299
B.1.1.7,245630,2021.3196290774756,2021.4029624108089
B.1.617.2,20784,2021.3196290774756,2021.4029624108089
P.1,18136,2021.3196290774756,2021.4029624108089
AY.4,12259,2021.3196290774756,2021.4029624108089
B.1.526,9196,2021.3196290774756,2021.4029624108089
P.1.14,5403,2021.3196290774756,2021.4029624108089
B.1.351,4997,2021.3196290774756,2021.4029624108089
B.1.637,3524,2021.3196290774756,2021.4029624108089
B.1.1.519,3445,2021.3196290774756,2021.4029624108089
Q.3,2542,2021.3196290774756,2021.4029624108089
B.1.1.7,203911,2021.3387940329856,2021.4221273663188
AY.4,23632,2021.3387940329856,2021.4221273663188
B.1.617.2,20178,2021.3387940329856,2021.4221273663188
P.1,17454,2021.3387940329856,2021.4221273663188
B.1.526,6643,2021.3387940329856,2021.4221273663188
P.1.14,4680,2021.3387940329856,2021.4221273663188
B.1.351,4299,2021.3387940329856,2021.4221273663188
B.1.637,2825,2021.3387940329856,2021.4221273663188
B.1.1.519,2464,2021.3387940329856,2021.4221273663188
AY.5,2320,2021.3387940329856,2021.4221273663188
B.1.1.7,164966,2021.3579589884955,2021.4412923218288
AY.4,35196,2021.3579589884955,2021.4412923218288
B.1.617.2,20322,2021.3579589884955,2021.4412923218288
P.1,17158,2021.3579589884955,2021.4412923218288
B.1.526,4734,2021.3579589884955,2021.4412923218288
P.1.14,4306,2021.3579589884955,2021.4412923218288
B.1.351,3729,2021.3579589884955,2021.4412923218288
AY.9,3440,2021.3579589884955,2021.4412923218288
AY.5,3274,2021.3579589884955,2021.4412923218288
AY.122,3253,2021.3579589884955,2021.4412923218288
B.1.1.7,128626,2021.3771239440055,2021.4604572773387
AY.4,45155,2021.3771239440055,2021.4604572773387
B.1.617.2,20705,2021.3771239440055,2021.4604572773387
P.1,16273,2021.3771239440055,2021.4604572773387
AY.122,4675,2021.3771239440055,2021.4604572773387
AY.9,4016,2021.3771239440055,2021.4604572773387
AY.5,3631,2021.3771239440055,2021.4604572773387
P.1.14,3598,2021.3771239440055,2021.4604572773387
B.1.351,3303,2021.3771239440055,2021.4604572773387
B.1.526,3290,2021.3771239440055,2021.4604572773387
B.1.1.7,99857,2021.3962888995154,2021.4796222328487
AY.4,57978,2021.3962888995154,2021.4796222328487
B.1.617.2,22063,2021.3962888995154,2021.4796222328487
P.1,15722,2021.3962888995154,2021.4796222328487
AY.122,6773,2021.3962888995154,2021.4796222328487
AY.9,4491,2021.3962888995154,2021.4796222328487
AY.44,4370,2021.3962888995154,2021.4796222328487
AY.5,4198,2021.3962888995154,2021.4796222328487
P.1.14,3050,2021.3962888995154,2021.4796222328487
B.1.351,3032,2021.3962888995154,2021.4796222328487
B.1.1.7,76877,2021.4154538550254,2021.4987871883586
AY.4,74357,2021.4154538550254,2021.4987871883586
B.1.617.2,25237,2021.4154538550254,2021.4987871883586
P.1,15481,2021.4154538550254,2021.4987871883586
AY.122,9646,2021.4154538550254,2021.4987871883586
AY.44,6787,2021.4154538550254,2021.4987871883586
AY.5,5310,2021.4154538550254,2021.4987871883586
AY.9,4922,2021.4154538550254,2021.4987871883586
AY.98,3339,2021.4154538550254,2021.4987871883586
AY.6,3003,2021.4154538550254,2021.4987871883586
AY.4,82771,2021.434618810535,2021.5179521438683
B.1.1.7,59271,2021.434618810535,2021.5179521438683
B.1.617.2,30760,2021.434618810535,2021.5179521438683
P.1,14339,2021.434618810535,2021.5179521438683
AY.122,12520,2021.434618810535,2021.5179521438683
AY.44,9950,2021.434618810535,2021.5179521438683
AY.5,5952,2021.434618810535,2021.5179521438683
AY.9,4361,2021.434618810535,2021.5179521438683
AY.103,4256,2021.434618810535,2021.5179521438683
AY.98,3948,2021.434618810535,2021.5179521438683
AY.4,95254,2021.453783766045,2021.5371170993783
B.1.1.7,45853,2021.453783766045,2021.5371170993783
B.1.617.2,35146,2021.453783766045,2021.5371170993783
AY.122,15270,2021.453783766045,2021.5371170993783
AY.44,15229,2021.453783766045,2021.5371170993783
P.1,13740,2021.453783766045,2021.5371170993783
AY.43,11256,2021.453783766045,2021.5371170993783
AY.5,7791,2021.453783766045,2021.5371170993783
AY.103,7596,2021.453783766045,2021.5371170993783
AY.25,5667,2021.453783766045,2021.5371170993783
AY.4,104806,2021.472948721555,2021.5562820548882
B.1.617.2,40227,2021.472948721555,2021.5562820548882
B.1.1.7,36189,2021.472948721555,2021.5562820548882
AY.44,23196,2021.472948721555,2021.5562820548882
AY.43,22708,2021.472948721555,2021.5562820548882
AY.122,18885,2021.472948721555,2021.5562820548882
AY.103,13706,2021.472948721555,2021.5562820548882
P.1,13498,2021.472948721555,2021.5562820548882
AY.5,10281,2021.472948721555,2021.5562820548882
AY.25,9759,2021.472948721555,2021.5562820548882
AY.4,111537,2021.492113677065,2021.5754470103982
B.1.617.2,45217,2021.492113677065,2021.5754470103982
AY.44,33241,2021.492113677065,2021.5754470103982
AY.43,32692,2021.492113677065,2021.5754470103982
B.1.1.7,29239,2021.492113677065,2021.5754470103982
AY.103,22666,2021.492113677065,2021.5754470103982
AY.122,21778,2021.492113677065,2021.5754470103982
AY.25,15195,2021.492113677065,2021.5754470103982
AY.3,14743,2021.492113677065,2021.5754470103982
AY.29,13299,2021.492113677065,2021.5754470103982
AY.4,114214,2021.5112786325749,2021.5946119659081
B.1.617.2,51903,2021.5112786325749,2021.5946119659081
AY.44,44266,2021.5112786325749,2021.5946119659081
AY.43,40647,2021.5112786325749,2021.5946119659081
AY.103,33028,2021.5112786325749,2021.5946119659081
AY.122,25412,2021.5112786325749,2021.5946119659081
B.1.1.7,22578,2021.5112786325749,2021.5946119659081
AY.3,22054,2021.5112786325749,2021.5946119659081
AY.25,22021,2021.5112786325749,2021.5946119659081
AY.29,18962,2021.5112786325749,2021.5946119659081
AY.4,119252,2021.5304435880848,2021.613776921418
B.1.617.2,54027,2021.5304435880848,2021.613776921418
AY.44,51768,2021.5304435880848,2021.613776921418
AY.43,46290,2021.5304435880848,2021.613776921418
AY.103,41444,2021.5304435880848,2021.613776921418
AY.122,29002,2021.5304435880848,2021.613776921418
AY.29,28372,2021.5304435880848,2021.613776921418
AY.3,27705,2021.5304435880848,2021.613776921418
AY.25,27180,2021.5304435880848,2021.613776921418
AY.25.1,19313,2021.5304435880848,2021.613776921418
AY.4,125722,2021.5496085435948,2021.632941876928
B.1.617.2,80421,2021.5496085435948,2021.632941876928
AY.44,56289,2021.5496085435948,2021.632941876928
AY.103,47725,2021.5496085435948,2021.632941876928
AY.43,45704,2021.5496085435948,2021.632941876928
AY.29,41388,2021.5496085435948,2021.632941876928
AY.3,31935,2021.5496085435948,2021.632941876928
AY.25,30842,2021.5496085435948,2021.632941876928
AY.122,30822,2021.5496085435948,2021.632941876928
AY.25.1,24399,2021.5496085435948,2021.632941876928
AY.4,128807,2021.5687734991047,2021.652106832438
B.1.617.2,82572,2021.5687734991047,2021.652106832438
AY.44,57511,2021.5687734991047,2021.652106832438
AY.103,51207,2021.5687734991047,2021.652106832438
AY.29,50708,2021.5687734991047,2021.652106832438
AY.43,45316,2021.5687734991047,2021.652106832438
AY.3,35068,2021.5687734991047,2021.652106832438
AY.122,32957,2021.5687734991047,2021.652106832438
AY.25,32726,2021.5687734991047,2021.652106832438
AY.25.1,28220,2021.5687734991047,2021.652106832438
AY.4,136484,2021.5879384546147,2021.671271787948
B.1.617.2,84078,2021.5879384546147,2021.671271787948
AY.44,56419,2021.5879384546147,2021.671271787948
AY.29,53258,2021.5879384546147,2021.671271787948
AY.103,52899,2021.5879384546147,2021.671271787948
AY.43,45296,2021.5879384546147,2021.671271787948
AY.3,36416,2021.5879384546147,2021.671271787948
AY.122,33672,2021.5879384546147,2021.671271787948
AY.25,32998,2021.5879384546147,2021.671271787948
AY.25.1,30441,2021.5879384546147,2021.671271787948
AY.4,141977,2021.6071034101244,2021.6904367434577
B.1.617.2,82220,2021.6071034101244,2021.6904367434577
AY.44,55000,2021.6071034101244,2021.6904367434577
AY.103,54584,2021.6071034101244,2021.6904367434577
AY.29,51859,2021.6071034101244,2021.6904367434577
AY.43,44385,2021.6071034101244,2021.6904367434577
AY.3,37187,2021.6071034101244,2021.6904367434577
AY.122,33556,2021.6071034101244,2021.6904367434577
AY.25,32518,2021.6071034101244,2021.6904367434577
AY.25.1,30766,2021.6071034101244,2021.6904367434577
AY.4,146441,2021.6262683656344,2021.7096016989676
B.1.617.2,68551,2021.6262683656344,2021.7096016989676
AY.103,56710,2021.6262683656344,2021.7096016989676
AY.44,53850,2021.6262683656344,2021.7096016989676
AY.43,43244,2021.6262683656344,2021.7096016989676
AY.29,41745,2021.6262683656344,2021.7096016989676
AY.3,38475,2021.6262683656344,2021.7096016989676
AY.122,33012,2021.6262683656344,2021.7096016989676
AY.25,32486,2021.6262683656344,2021.7096016989676
AY.25.1,29693,2021.6262683656344,2021.7096016989676
AY.4,141861,2021.6454333211443,2021.7287666544776
AY.103,55761,2021.6454333211443,2021.7287666544776
AY.44,50829,2021.6454333211443,2021.7287666544776
B.1.617.2,50329,2021.6454333211443,2021.7287666544776
AY.43,39772,2021.6454333211443,2021.7287666544776
AY.3,37583,2021.6454333211443,2021.7287666544776
AY.25,30897,2021.6454333211443,2021.7287666544776
AY.122,30436,2021.6454333211443,2021.7287666544776
AY.29,27856,2021.6454333211443,2021.7287666544776
AY.25.1,27193,2021.6454333211443,2021.7287666544776
AY.4,138138,2021.6645982766543,2021.7479316099875
AY.103,55370,2021.6645982766543,2021.7479316099875
AY.44,47993,2021.6645982766543,2021.7479316099875
B.1.617.2,46619,2021.6645982766543,2021.7479316099875
AY.43,38300,2021.6645982766543,2021.7479316099875
AY.3,36682,2021.6645982766543,2021.7479316099875
AY.25,29621,2021.6645982766543,2021.7479316099875
AY.122,29591,2021.6645982766543,2021.7479316099875
AY.25.1,25142,2021.6645982766543,2021.7479316099875
AY.100,17515,2021.6645982766543,2021.7479316099875
AY.4,134655,2021.6837632321642,2021.7670965654975
AY.103,55837,2021.6837632321642,2021.7670965654975
AY.44,46610,2021.6837632321642,2021.7670965654975
B.1.617.2,43635,2021.6837632321642,2021.7670965654975
AY.43,36802,2021.6837632321642,2021.7670965654975
AY.3,36035,2021.6837632321642,2021.7670965654975
AY.25,28655,2021.6837632321642,2021.7670965654975
AY.122,28559,2021.6837632321642,2021.7670965654975
AY.25.1,24595,2021.6837632321642,2021.7670965654975
AY.100,17447,2021.6837632321642,2021.7670965654975
AY.4,132958,2021.7029281876742,2021.7862615210074
AY.103,53315,2021.7029281876742,2021.7862615210074
AY.44,43095,2021.7029281876742,2021.7862615210074
B.1.617.2,40783,2021.7029281876742,2021.7862615210074
AY.43,35858,2021.7029281876742,2021.7862615210074
AY.3,33370,2021.7029281876742,2021.7862615210074
AY.122,28508,2021.7029281876742,2021.7862615210074
AY.25,26395,2021.7029281876742,2021.7862615210074
AY.25.1,23719,2021.7029281876742,2021.7862615210074
AY.100,16815,2021.7029281876742,2021.7862615210074
AY.4,131546,2021.722093143184,2021.8054264765174
AY.103,52354,2021.722093143184,2021.8054264765174
AY.44,41505,2021.722093143184,2021.8054264765174
B.1.617.2,41019,2021.722093143184,2021.8054264765174
AY.43,37303,2021.722093143184,2021.8054264765174
AY.3,31698,2021.722093143184,2021.8054264765174
AY.122,29480,2021.722093143184,2021.8054264765174
AY.25,24796,2021.722093143184,2021.8054264765174
AY.25.1,23922,2021.722093143184,2021.8054264765174
AY.100,16266,2021.722093143184,2021.8054264765174
AY.4,136318,2021.741258098694,2021.8245914320273
AY.103,54283,2021.741258098694,2021.8245914320273
AY.44,42494,2021.741258098694,2021.8245914320273
AY.43,41866,2021.741258098694,2021.8245914320273
B.1.617.2,41159,2021.741258098694,2021.8245914320273
AY.122,33443,2021.741258098694,2021.8245914320273
AY.3,31490,2021.741258098694,2021.8245914320273
AY.25,24454,2021.741258098694,2021.8245914320273
AY.25.1,23789,2021.741258098694,2021.8245914320273
AY.100,16709,2021.741258098694,2021.8245914320273
AY.4,141342,2021.760423054204,2021.8437563875373
AY.103,56024,2021.760423054204,2021.8437563875373
AY.43,46830,2021.760423054204,2021.8437563875373
AY.44,43149,2021.760423054204,2021.8437563875373
B.1.617.2,40253,2021.760423054204,2021.8437563875373
AY.122,36835,2021.760423054204,2021.8437563875373
AY.3,30724,2021.760423054204,2021.8437563875373
AY.25,24253,2021.760423054204,2021.8437563875373
AY.25.1,23593,2021.760423054204,2021.8437563875373
AY.100,17214,2021.760423054204,2021.8437563875373
AY.4,146620,2021.7795880097137,2021.862921343047
AY.103,59659,2021.7795880097137,2021.862921343047
AY.43,54420,2021.7795880097137,2021.862921343047
AY.44,44417,2021.7795880097137,2021.862921343047
AY.122,41085,2021.7795880097137,2021.862921343047
B.1.617.2,40192,2021.7795880097137,2021.862921343047
AY.3,30934,2021.7795880097137,2021.862921343047
AY.25,24393,2021.7795880097137,2021.862921343047
AY.25.1,23701,2021.7795880097137,2021.862921343047
AY.4.2,20281,2021.7795880097137,2021.862921343047
AY.4,152893,2021.7987529652237,2021.882086298557
AY.103,64298,2021.7987529652237,2021.882086298557
AY.43,61650,2021.7987529652237,2021.882086298557
AY.44,45704,2021.7987529652237,2021.882086298557
AY.122,44150,2021.7987529652237,2021.882086298557
B.1.617.2,39704,2021.7987529652237,2021.882086298557
AY.3,31942,2021.7987529652237,2021.882086298557
AY.25,25184,2021.7987529652237,2021.882086298557
AY.4.2,24012,2021.7987529652237,2021.882086298557
AY.25.1,23769,2021.7987529652237,2021.882086298557
AY.4,158180,2021.8179179207336,2021.901251254067
AY.43,66651,2021.8179179207336,2021.901251254067
AY.103,64427,2021.8179179207336,2021.901251254067
AY.122,44898,2021.8179179207336,2021.901251254067
AY.44,43668,2021.8179179207336,2021.901251254067
B.1.617.2,39621,2021.8179179207336,2021.901251254067
AY.3,30440,2021.8179179207336,2021.901251254067
AY.4.2,28699,2021.8179179207336,2021.901251254067
AY.25,24267,2021.8179179207336,2021.901251254067
AY.25.1,23565,2021.8179179207336,2021.901251254067
AY.4,164015,2021.8370828762436,2021.9204162095768
AY.43,73704,2021.8370828762436,2021.9204162095768
AY.103,69741,2021.8370828762436,2021.9204162095768
AY.122,46709,2021.8370828762436,2021.9204162095768
AY.44,44352,2021.8370828762436,2021.9204162095768
B.1.617.2,41917,2021.8370828762436,2021.9204162095768
AY.4.2,34796,2021.8370828762436,2021.9204162095768
AY.3,31361,2021.8370828762436,2021.9204162095768
AY.25,24753,2021.8370828762436,2021.9204162095768
AY.25.1,24656,2021.8370828762436,2021.9204162095768
AY.4,164879,2021.8562478317535,2021.9395811650868
AY.43,77390,2021.8562478317535,2021.9395811650868
AY.103,71649,2021.8562478317535,2021.9395811650868
AY.122,46991,2021.8562478317535,2021.9395811650868
AY.44,43570,2021.8562478317535,2021.9395811650868
B.1.617.2,43280,2021.8562478317535,2021.9395811650868
AY.4.2,39790,2021.8562478317535,2021.9395811650868
AY.3,31156,2021.8562478317535,2021.9395811650868
AY.25.1,24422,2021.8562478317535,2021.9395811650868
AY.25,24397,2021.8562478317535,2021.9395811650868
AY.4,151090,2021.8754127872635,2021.9587461205967
AY.43,76634,2021.8754127872635,2021.9587461205967
AY.103,69330,2021.8754127872635,2021.9587461205967
AY.122,46373,2021.8754127872635,2021.9587461205967
B.1.617.2,41953,2021.8754127872635,2021.9587461205967
AY.44,40468,2021.8754127872635,2021.9587461205967
AY.4.2,39680,2021.8754127872635,2021.9587461205967
BA.1,31404,2021.8754127872635,2021.9587461205967
AY.3,28974,2021.8754127872635,2021.9587461205967
AY.25.1,23426,2021.8754127872635,2021.9587461205967
AY.4,123346,2021.8945777427734,2021.9779110761067
BA.1,76329,2021.8945777427734,2021.9779110761067
AY.43,69478,2021.8945777427734,2021.9779110761067
AY.103,62234,2021.8945777427734,2021.9779110761067
BA.1.1,49553,2021.8945777427734,2021.9779110761067
AY.122,42668,2021.8945777427734,2021.9779110761067
B.1.617.2,38493,2021.8945777427734,2021.9779110761067
BA.1.17.2,36190,2021.8945777427734,2021.9779110761067
AY.44,35264,2021.8945777427734,2021.9779110761067
AY.4.2,34548,2021.8945777427734,2021.9779110761067
BA.1,128086,2021.9137426982834,2021.9970760316166
BA.1.1,110293,2021.9137426982834,2021.9970760316166
AY.4,87211,2021.9137426982834,2021.9970760316166
BA.1.17.2,61162,2021.9137426982834,2021.9970760316166
AY.43,57839,2021.9137426982834,2021.9970760316166
BA.1.15,57079,2021.9137426982834,2021.9970760316166
AY.103,50557,2021.9137426982834,2021.9970760316166
AY.122,36703,2021.9137426982834,2021.9970760316166
B.1.617.2,33352,2021.9137426982834,2021.9970760316166
AY.44,28217,2021.9137426982834,2021.9970760316166
BA.1.1,197565,2021.9329076537933,2022.0162409871266
BA.1,187693,2021.9329076537933,2022.0162409871266
BA.1.17.2,90703,2021.9329076537933,2022.0162409871266
BA.1.15,85417,2021.9329076537933,2022.0162409871266
AY.4,50530,2021.9329076537933,2022.0162409871266
AY.43,41459,2021.9329076537933,2022.0162409871266
AY.103,33407,2021.9329076537933,2022.0162409871266
BA.1.17,30652,2021.9329076537933,2022.0162409871266
BA.1.18,29502,2021.9329076537933,2022.0162409871266
AY.122,26831,2021.9329076537933,2022.0162409871266
BA.1.1,288981,2021.952072609303,2022.0354059426363
BA.1,227383,2021.952072609303,2022.0354059426363
BA.1.17.2,106669,2021.952072609303,2022.0354059426363
BA.1.15,106266,2021.952072609303,2022.0354059426363
BA.1.17,37498,2021.952072609303,2022.0354059426363
BA.1.18,36892,2021.952072609303,2022.0354059426363
BA.1.1.18,31051,2021.952072609303,2022.0354059426363
AY.43,27063,2021.952072609303,2022.0354059426363
AY.4,24371,2021.952072609303,2022.0354059426363
BA.1.15.1,23510,2021.952072609303,2022.0354059426363
BA.1.1,375021,2021.971237564813,2022.0545708981463
BA.1,237499,2021.971237564813,2022.0545708981463
BA.1.15,112762,2021.971237564813,2022.0545708981463
BA.1.17.2,109639,2021.971237564813,2022.0545708981463
BA.1.18,40265,2021.971237564813,2022.0545708981463
BA.1.17,39760,2021.971237564813,2022.0545708981463
BA.1.1.18,38769,2021.971237564813,2022.0545708981463
BA.2,32534,2021.971237564813,2022.0545708981463
BA.1.1.2,24905,2021.971237564813,2022.0545708981463
BA.1.20,23708,2021.971237564813,2022.0545708981463
BA.1.1,435018,2021.990402520323,2022.0737358536562
BA.1,230906,2021.990402520323,2022.0737358536562
BA.1.17.2,106141,2021.990402520323,2022.0737358536562
BA.1.15,104971,2021.990402520323,2022.0737358536562
BA.2,51317,2021.990402520323,2022.0737358536562
BA.1.1.18,42036,2021.990402520323,2022.0737358536562
BA.1.18,39758,2021.990402520323,2022.0737358536562
BA.1.17,37939,2021.990402520323,2022.0737358536562
BA.1.1.2,31027,2021.990402520323,2022.0737358536562
BA.1.1.1,23350,2021.990402520323,2022.0737358536562
BA.1.1,464053,2022.009567475833,2022.0929008091662
BA.1,201647,2022.009567475833,2022.0929008091662
BA.1.17.2,89447,2022.009567475833,2022.0929008091662
BA.1.15,87752,2022.009567475833,2022.0929008091662
BA.2,74994,2022.009567475833,2022.0929008091662
BA.1.1.18,40601,2022.009567475833,2022.0929008091662
BA.1.18,36182,2022.009567475833,2022.0929008091662
BA.1.1.2,34634,2022.009567475833,2022.0929008091662
BA.1.17,33189,2022.009567475833,2022.0929008091662
BA.1.1.1,26715,2022.009567475833,2022.0929008091662
BA.1.1,476255,2022.0287324313429,2022.1120657646761
BA.1,169822,2022.0287324313429,2022.1120657646761
BA.2,105943,2022.0287324313429,2022.1120657646761
BA.1.17.2,74426,2022.0287324313429,2022.1120657646761
BA.1.15,71497,2022.0287324313429,2022.1120657646761
BA.1.1.18,36719,2022.0287324313429,2022.1120657646761
BA.1.1.2,32096,2022.0287324313429,2022.1120657646761
BA.1.18,32043,2022.0287324313429,2022.1120657646761
BA.1.1.1,29256,2022.0287324313429,2022.1120657646761
BA.1.17,28779,2022.0287324313429,2022.1120657646761
BA.1.1,461762,2022.0478973868528,2022.131230720186
BA.2,144636,2022.0478973868528,2022.131230720186
BA.1,137211,2022.0478973868528,2022.131230720186
BA.1.17.2,59120,2022.0478973868528,2022.131230720186
BA.1.15,56173,2022.0478973868528,2022.131230720186
BA.1.1.18,31009,2022.0478973868528,2022.131230720186
BA.1.1.1,29399,2022.0478973868528,2022.131230720186
BA.2.9,27582,2022.0478973868528,2022.131230720186
BA.1.18,27462,2022.0478973868528,2022.131230720186
BA.1.17,23538,2022.0478973868528,2022.131230720186
BA.1.1,416162,2022.0670623423628,2022.150395675696
BA.2,188172,2022.0670623423628,2022.150395675696
BA.1,104147,2022.0670623423628,2022.150395675696
BA.1.17.2,43863,2022.0670623423628,2022.150395675696
BA.1.15,41980,2022.0670623423628,2022.150395675696
BA.2.9,33471,2022.0670623423628,2022.150395675696
BA.1.1.1,28182,2022.0670623423628,2022.150395675696
BA.1.1.18,24004,2022.0670623423628,2022.150395675696
BA.1.18,22645,2022.0670623423628,2022.150395675696
BA.2.10,19564,2022.0670623423628,2022.150395675696
BA.1.1,348669,2022.0862272978727,2022.169560631206
BA.2,231879,2022.0862272978727,2022.169560631206
BA.1,75193,2022.0862272978727,2022.169560631206
BA.2.9,40238,2022.0862272978727,2022.169560631206
BA.1.17.2,30956,2022.0862272978727,2022.169560631206
BA.1.15,29880,2022.0862272978727,2022.169560631206
BA.1.1.1,24750,2022.0862272978727,2022.169560631206
BA.2.10,19295,2022.0862272978727,2022.169560631206
BA.1.18,17718,2022.0862272978727,2022.169560631206
BA.1.1.18,16915,2022.0862272978727,2022.169560631206
BA.2,289485,2022.1053922533827,2022.188725586716
BA.1.1,270633,2022.1053922533827,2022.188725586716
BA.1,49222,2022.1053922533827,2022.188725586716
BA.2.9,48752,2022.1053922533827,2022.188725586716
BA.1.1.1,20023,2022.1053922533827,2022.188725586716
BA.1.15,19949,2022.1053922533827,2022.188725586716
BA.1.17.2,19626,2022.1053922533827,2022.188725586716
BA.2.3,17992,2022.1053922533827,2022.188725586716
BA.2.10,17227,2022.1053922533827,2022.188725586716
BA.1.1.2,14218,2022.1053922533827,2022.188725586716
BA.2,349929,2022.1245572088924,2022.2078905422256
BA.1.1,196455,2022.1245572088924,2022.2078905422256
BA.2.9,56546,2022.1245572088924,2022.2078905422256
BA.1,30059,2022.1245572088924,2022.2078905422256
BA.2.3,22376,2022.1245572088924,2022.2078905422256
BA.2.10,16228,2022.1245572088924,2022.2078905422256
BA.1.1.1,15513,2022.1245572088924,2022.2078905422256
BA.1.1.2,12334,2022.1245572088924,2022.2078905422256
BA.1.15,12291,2022.1245572088924,2022.2078905422256
BA.1.17.2,11707,2022.1245572088924,2022.2078905422256
BA.2,397373,2022.1437221644023,2022.2270554977356
BA.1.1,135501,2022.1437221644023,2022.2270554977356
BA.2.9,63173,2022.1437221644023,2022.2270554977356
BA.2.3,26158,2022.1437221644023,2022.2270554977356
BA.1,16917,2022.1437221644023,2022.2270554977356
BA.2.10,15130,2022.1437221644023,2022.2270554977356
BA.1.1.1,10766,2022.1437221644023,2022.2270554977356
BA.1.1.2,10221,2022.1437221644023,2022.2270554977356
BA.1.15,7342,2022.1437221644023,2022.2270554977356
BA.2.5,7014,2022.1437221644023,2022.2270554977356
BA.2,440066,2022.1628871199123,2022.2462204532455
BA.1.1,97184,2022.1628871199123,2022.2462204532455
BA.2.9,68765,2022.1628871199123,2022.2462204532455
BA.2.3,30710,2022.1628871199123,2022.2462204532455
BA.2.10,15005,2022.1628871199123,2022.2462204532455
BA.1,10337,2022.1628871199123,2022.2462204532455
BA.1.1.2,8384,2022.1628871199123,2022.2462204532455
BA.1.1.1,7681,2022.1628871199123,2022.2462204532455
BA.2.1,7456,2022.1628871199123,2022.2462204532455
BA.2.5,6963,2022.1628871199123,2022.2462204532455
BA.2,426854,2022.1820520754222,2022.2653854087555
BA.2.9,68287,2022.1820520754222,2022.2653854087555
BA.1.1,65868,2022.1820520754222,2022.2653854087555
BA.2.3,32682,2022.1820520754222,2022.2653854087555
BA.2.10,13332,2022.1820520754222,2022.2653854087555
BA.1.1.2,6650,2022.1820520754222,2022.2653854087555
BA.2.12.1,6552,2022.1820520754222,2022.2653854087555
BA.2.1,6550,2022.1820520754222,2022.2653854087555
BA.2.23,6320,2022.1820520754222,2022.2653854087555
BA.2.5,5884,2022.1820520754222,2022.2653854087555
BA.2,399811,2022.2012170309322,2022.2845503642654
BA.2.9,65970,2022.2012170309322,2022.2845503642654
BA.1.1,43995,2022.2012170309322,2022.2845503642654
BA.2.3,33806,2022.2012170309322,2022.2845503642654
BA.2.12.1,13305,2022.2012170309322,2022.2845503642654
BA.2.10,11586,2022.2012170309322,2022.2845503642654
BA.2.23,5945,2022.2012170309322,2022.2845503642654
BA.2.1,5456,2022.2012170309322,2022.2845503642654
BA.1.1.2,5075,2022.2012170309322,2022.2845503642654
BA.2.5,4633,2022.2012170309322,2022.2845503642654
BA.2,358702,2022.2203819864421,2022.3037153197754
BA.2.9,61097,2022.2203819864421,2022.3037153197754
BA.2.3,33907,2022.2203819864421,2022.3037153197754
BA.1.1,28196,2022.2203819864421,2022.3037153197754
BA.2.12.1,22174,2022.2203819864421,2022.3037153197754
BA.2.10,9758,2022.2203819864421,2022.3037153197754
BA.2.23,5824,2022.2203819864421,2022.3037153197754
BA.2.1,4232,2022.2203819864421,2022.3037153197754
BA.1.1.2,3809,2022.2203819864421,2022.3037153197754
BA.2.5,3536,2022.2203819864421,2022.3037153197754
BA.2,308194,2022.239546941952,2022.3228802752853
BA.2.9,55755,2022.239546941952,2022.3228802752853
BA.2.12.1,34108,2022.239546941952,2022.3228802752853
BA.2.3,32337,2022.239546941952,2022.3228802752853
BA.1.1,17344,2022.239546941952,2022.3228802752853
BA.2.10,7818,2022.239546941952,2022.3228802752853
BA.2.23,4968,2022.239546941952,2022.3228802752853
BA.2.3.1,3589,2022.239546941952,2022.3228802752853
BA.2.36,3059,2022.239546941952,2022.3228802752853
BA.2.1,2879,2022.239546941952,2022.3228802752853
BA.2,283583,2022.258711897462,2022.3420452307953
BA.2.9,51422,2022.258711897462,2022.3420452307953
BA.2.12.1,49362,2022.258711897462,2022.3420452307953
BA.2.3,30995,2022.258711897462,2022.3420452307953
BA.1.1,10998,2022.258711897462,2022.3420452307953
BA.2.10,6751,2022.258711897462,2022.3420452307953
BA.2.23,5008,2022.258711897462,2022.3420452307953
BA.2.36,3512,2022.258711897462,2022.3420452307953
BA.2.3.1,3347,2022.258711897462,2022.3420452307953
BA.2.18,2858,2022.258711897462,2022.3420452307953
BA.2,253802,2022.277876852972,2022.3612101863052
BA.2.12.1,68091,2022.277876852972,2022.3612101863052
BA.2.9,46025,2022.277876852972,2022.3612101863052
BA.2.3,29649,2022.277876852972,2022.3612101863052
BA.1.1,6663,2022.277876852972,2022.3612101863052
BA.2.10,5828,2022.277876852972,2022.3612101863052
BA.2.23,4744,2022.277876852972,2022.3612101863052
BA.2.36,3818,2022.277876852972,2022.3612101863052
BA.2.3.1,3543,2022.277876852972,2022.3612101863052
BA.2.18,3444,2022.277876852972,2022.3612101863052
BA.2,224091,2022.2970418084817,2022.380375141815
BA.2.12.1,88611,2022.2970418084817,2022.380375141815
BA.2.9,41100,2022.2970418084817,2022.380375141815
BA.2.3,27556,2022.2970418084817,2022.380375141815
BA.2.10,5010,2022.2970418084817,2022.380375141815
BA.1.1,4323,2022.2970418084817,2022.380375141815
BA.2.36,4051,2022.2970418084817,2022.380375141815
BA.2.23,3989,2022.2970418084817,2022.380375141815
BA.2.18,3694,2022.2970418084817,2022.380375141815
BA.2.3.1,3499,2022.2970418084817,2022.380375141815
BA.2,184850,2022.3162067639917,2022.399540097325
BA.2.12.1,108821,2022.3162067639917,2022.399540097325
BA.2.9,34189,2022.3162067639917,2022.399540097325
BA.2.3,23830,2022.3162067639917,2022.399540097325
BA.5.1,4833,2022.3162067639917,2022.399540097325
BA.4.1,4418,2022.3162067639917,2022.399540097325
BA.2.10,4240,2022.3162067639917,2022.399540097325
BA.2.36,4100,2022.3162067639917,2022.399540097325
BA.2.18,3782,2022.3162067639917,2022.399540097325
BA.2.3.1,3452,2022.3162067639917,2022.399540097325
BA.2,155344,2022.3353717195016,2022.4187050528349
BA.2.12.1,124633,2022.3353717195016,2022.4187050528349
BA.2.9,28325,2022.3353717195016,2022.4187050528349
BA.2.3,20819,2022.3353717195016,2022.4187050528349
BA.5.1,9682,2022.3353717195016,2022.4187050528349
BA.4.1,6930,2022.3353717195016,2022.4187050528349
BA.4,4584,2022.3353717195016,2022.4187050528349
BA.2.18,3992,2022.3353717195016,2022.4187050528349
BA.2.36,3972,2022.3353717195016,2022.4187050528349
BA.2.10,3646,2022.3353717195016,2022.4187050528349
BA.2.12.1,134190,2022.3545366750116,2022.4378700083448
BA.2,124635,2022.3545366750116,2022.4378700083448
BA.2.9,22603,2022.3545366750116,2022.4378700083448
BA.2.3,17154,2022.3545366750116,2022.4378700083448
BA.5.1,16157,2022.3545366750116,2022.4378700083448
BA.4.1,10928,2022.3545366750116,2022.4378700083448
BA.4,6751,2022.3545366750116,2022.4378700083448
BA.5.2.1,6748,2022.3545366750116,2022.4378700083448
BA.5.5,5399,2022.3545366750116,2022.4378700083448
BA.2.18,4023,2022.3545366750116,2022.4378700083448
BA.2.12.1,131686,2022.3737016305215,2022.4570349638548
BA.2,96247,2022.3737016305215,2022.4570349638548
BA.5.1,25823,2022.3737016305215,2022.4570349638548
BA.2.9,17430,2022.3737016305215,2022.4570349638548
BA.4.1,15816,2022.3737016305215,2022.4570349638548
BA.2.3,13505,2022.3737016305215,2022.4570349638548
BA.5.2.1,12580,2022.3737016305215,2022.4570349638548
BA.4,10089,2022.3737016305215,2022.4570349638548
BA.5.5,8389,2022.3737016305215,2022.4570349638548
BA.5.2,6502,2022.3737016305215,2022.4570349638548
BA.2.12.1,119976,2022.3928665860315,2022.4761999193647
BA.2,73046,2022.3928665860315,2022.4761999193647
BA.5.1,38409,2022.3928665860315,2022.4761999193647
BA.5.2.1,21596,2022.3928665860315,2022.4761999193647
BA.4.1,20998,2022.3928665860315,2022.4761999193647
BA.4,13561,2022.3928665860315,2022.4761999193647
BA.2.9,12853,2022.3928665860315,2022.4761999193647
BA.5.2,12218,2022.3928665860315,2022.4761999193647
BA.5.5,11940,2022.3928665860315,2022.4761999193647
BE.1.1,10625,2022.3928665860315,2022.4761999193647
BA.2.12.1,104426,2022.4120315415414,2022.4953648748747
BA.2,54135,2022.4120315415414,2022.4953648748747
BA.5.1,52171,2022.4120315415414,2022.4953648748747
BA.5.2.1,34041,2022.4120315415414,2022.4953648748747
BA.4.1,25797,2022.4120315415414,2022.4953648748747
BA.5.2,20660,2022.4120315415414,2022.4953648748747
BA.4,17274,2022.4120315415414,2022.4953648748747
BA.5.5,15892,2022.4120315415414,2022.4953648748747
BE.1.1,15517,2022.4120315415414,2022.4953648748747
BA.2.9,9398,2022.4120315415414,2022.4953648748747
BA.2.12.1,81368,2022.4311964970514,2022.5145298303846
BA.5.1,64152,2022.4311964970514,2022.5145298303846
BA.5.2.1,49304,2022.4311964970514,2022.5145298303846
BA.2,37621,2022.4311964970514,2022.5145298303846
BA.5.2,31487,2022.4311964970514,2022.5145298303846
BA.4.1,28658,2022.4311964970514,2022.5145298303846
BA.4,19737,2022.4311964970514,2022.5145298303846
BA.5.5,19284,2022.4311964970514,2022.5145298303846
BE.1.1,19030,2022.4311964970514,2022.5145298303846
BA.5.6,9078,2022.4311964970514,2022.5145298303846
BA.5.1,73372,2022.4503614525613,2022.5336947858946
BA.5.2.1,64488,2022.4503614525613,2022.5336947858946
BA.2.12.1,60494,2022.4503614525613,2022.5336947858946
BA.5.2,43671,2022.4503614525613,2022.5336947858946
BA.4.1,29652,2022.4503614525613,2022.5336947858946
BA.2,25171,2022.4503614525613,2022.5336947858946
BA.5.5,22405,2022.4503614525613,2022.5336947858946
BE.1.1,20858,2022.4503614525613,2022.5336947858946
BA.4,20165,2022.4503614525613,2022.5336947858946
BA.5.6,11881,2022.4503614525613,2022.5336947858946
BA.5.2.1,77015,2022.469526408071,2022.5528597414043
BA.5.1,76870,2022.469526408071,2022.5528597414043
BA.5.2,56060,2022.469526408071,2022.5528597414043
BA.2.12.1,43041,2022.469526408071,2022.5528597414043
BA.4.1,28282,2022.469526408071,2022.5528597414043
BA.5.5,24130,2022.469526408071,2022.5528597414043
BE.1.1,21151,2022.469526408071,2022.5528597414043
BA.4,18660,2022.469526408071,2022.5528597414043
BA.2,16851,2022.469526408071,2022.5528597414043
BF.5,14493,2022.469526408071,2022.5528597414043
BA.5.2.1,83432,2022.488691363581,2022.5720246969142
BA.5.1,74773,2022.488691363581,2022.5720246969142
BA.5.2,64549,2022.488691363581,2022.5720246969142
BA.2.12.1,28579,2022.488691363581,2022.5720246969142
BA.4.1,25056,2022.488691363581,2022.5720246969142
BA.5.5,23418,2022.488691363581,2022.5720246969142
BE.1.1,19421,2022.488691363581,2022.5720246969142
BF.5,16901,2022.488691363581,2022.5720246969142
BA.4,15805,2022.488691363581,2022.5720246969142
BA.5.6,15279,2022.488691363581,2022.5720246969142
BA.5.2.1,85014,2022.507856319091,2022.5911896524242
BA.5.2,69984,2022.507856319091,2022.5911896524242
BA.5.1,69634,2022.507856319091,2022.5911896524242
BA.5.5,22292,2022.507856319091,2022.5911896524242
BA.4.1,20975,2022.507856319091,2022.5911896524242
BA.2.12.1,18668,2022.507856319091,2022.5911896524242
BF.5,17842,2022.507856319091,2022.5911896524242
BE.1.1,17590,2022.507856319091,2022.5911896524242
BA.5.6,15741,2022.507856319091,2022.5911896524242
BA.4,12335,2022.507856319091,2022.5911896524242
BA.5.2.1,80717,2022.5270212746009,2022.6103546079341
BA.5.2,71132,2022.5270212746009,2022.6103546079341
BA.5.1,61680,2022.5270212746009,2022.6103546079341
BA.5.5,18770,2022.5270212746009,2022.6103546079341
BF.5,16978,2022.5270212746009,2022.6103546079341
BA.4.1,16272,2022.5270212746009,2022.6103546079341
BE.1.1,15604,2022.5270212746009,2022.6103546079341
BA.5.6,14406,2022.5270212746009,2022.6103546079341
BA.2.12.1,10865,2022.5270212746009,2022.6103546079341
BA.4.6,10084,2022.5270212746009,2022.6103546079341
BA.5.2.1,75852,2022.5461862301108,2022.629519563444
BA.5.2,70296,2022.5461862301108,2022.629519563444
BA.5.1,53444,2022.5461862301108,2022.629519563444
BF.5,15787,2022.5461862301108,2022.629519563444
BA.5.5,15465,2022.5461862301108,2022.629519563444
BE.1.1,13092,2022.5461862301108,2022.629519563444
BA.5.6,13064,2022.5461862301108,2022.629519563444
BA.4.1,12288,2022.5461862301108,2022.629519563444
BA.4.6,10937,2022.5461862301108,2022.629519563444
BE.1,8182,2022.5461862301108,2022.629519563444
BA.5.2.1,70813,2022.5653511856208,2022.648684518954
BA.5.2,68834,2022.5653511856208,2022.648684518954
BA.5.1,46475,2022.5653511856208,2022.648684518954
BF.5,14855,2022.5653511856208,2022.648684518954
BA.5.5,12941,2022.5653511856208,2022.648684518954
BA.4.6,11713,2022.5653511856208,2022.648684518954
BA.5.6,11626,2022.5653511856208,2022.648684518954
BE.1.1,11041,2022.5653511856208,2022.648684518954
BA.4.1,9333,2022.5653511856208,2022.648684518954
BE.1,7119,2022.5653511856208,2022.648684518954
BA.5.2,66703,2022.5845161411307,2022.667849474464
BA.5.2.1,66430,2022.5845161411307,2022.667849474464
BA.5.1,40871,2022.5845161411307,2022.667849474464
BF.5,14204,2022.5845161411307,2022.667849474464
BA.4.6,12811,2022.5845161411307,2022.667849474464
BA.5.5,10807,2022.5845161411307,2022.667849474464
BA.5.6,10154,2022.5845161411307,2022.667849474464
BE.1.1,9385,2022.5845161411307,2022.667849474464
BA.4.1,7221,2022.5845161411307,2022.667849474464
BA.5,6270,2022.5845161411307,2022.667849474464
BA.5.2,65456,2022.6036810966407,2022.687014429974
BA.5.2.1,62704,2022.6036810966407,2022.687014429974
BA.5.1,36583,2022.6036810966407,2022.687014429974
BA.4.6,13747,2022.6036810966407,2022.687014429974
BF.5,13737,2022.6036810966407,2022.687014429974
BA.5.6,9216,2022.6036810966407,2022.687014429974
BA.5.5,9155,2022.6036810966407,2022.687014429974
BE.1.1,8367,2022.6036810966407,2022.687014429974
BA.5,5822,2022.6036810966407,2022.687014429974
BF.10,5720,2022.6036810966407,2022.687014429974
BA.5.2,63815,2022.6228460521506,2022.706179385484
BA.5.2.1,58662,2022.6228460521506,2022.706179385484
BA.5.1,34142,2022.6228460521506,2022.706179385484
BA.4.6,14568,2022.6228460521506,2022.706179385484
BF.5,13557,2022.6228460521506,2022.706179385484
BA.5.6,8023,2022.6228460521506,2022.706179385484
BE.1.1,7722,2022.6228460521506,2022.706179385484
BA.5.5,7486,2022.6228460521506,2022.706179385484
BA.5,5464,2022.6228460521506,2022.706179385484
BF.10,5413,2022.6228460521506,2022.706179385484
BA.5.2,61556,2022.6420110076604,2022.7253443409936
BA.5.2.1,54614,2022.6420110076604,2022.7253443409936
BA.5.1,31663,2022.6420110076604,2022.7253443409936
BA.4.6,15240,2022.6420110076604,2022.7253443409936
BF.5,13016,2022.6420110076604,2022.7253443409936
BE.1.1,7162,2022.6420110076604,2022.7253443409936
BA.5.6,6818,2022.6420110076604,2022.7253443409936
BA.5.5,6101,2022.6420110076604,2022.7253443409936
BF.7,5523,2022.6420110076604,2022.7253443409936
BA.5.2.20,5207,2022.6420110076604,2022.7253443409936
BA.5.2,59218,2022.6611759631703,2022.7445092965036
BA.5.2.1,50365,2022.6611759631703,2022.7445092965036
BA.5.1,29654,2022.6611759631703,2022.7445092965036
BA.4.6,15195,2022.6611759631703,2022.7445092965036
BF.5,12380,2022.6611759631703,2022.7445092965036
BF.7,6967,2022.6611759631703,2022.7445092965036
BE.1.1,6725,2022.6611759631703,2022.7445092965036
BA.5.6,5755,2022.6611759631703,2022.7445092965036
BA.5.2.20,5309,2022.6611759631703,2022.7445092965036
BA.5,4895,2022.6611759631703,2022.7445092965036
BA.5.2,56925,2022.6803409186803,2022.7636742520135
BA.5.2.1,46856,2022.6803409186803,2022.7636742520135
BA.5.1,27782,2022.6803409186803,2022.7636742520135
BA.4.6,14592,2022.6803409186803,2022.7636742520135
BF.5,12062,2022.6803409186803,2022.7636742520135
BF.7,8962,2022.6803409186803,2022.7636742520135
BE.1.1,6336,2022.6803409186803,2022.7636742520135
BA.5.2.20,5331,2022.6803409186803,2022.7636742520135
BA.5.6,4687,2022.6803409186803,2022.7636742520135
BA.5,4588,2022.6803409186803,2022.7636742520135
BA.5.2,53319,2022.6995058741902,2022.7828392075235
BA.5.2.1,43113,2022.6995058741902,2022.7828392075235
BA.5.1,25411,2022.6995058741902,2022.7828392075235
BA.4.6,13467,2022.6995058741902,2022.7828392075235
BF.5,11690,2022.6995058741902,2022.7828392075235
BF.7,10914,2022.6995058741902,2022.7828392075235
BE.1.1,5809,2022.6995058741902,2022.7828392075235
BA.5.2.20,5159,2022.6995058741902,2022.7828392075235
BQ.1.1,5085,2022.6995058741902,2022.7828392075235
BA.5,4333,2022.6995058741902,2022.7828392075235
BA.5.2,48884,2022.7186708297002,2022.8020041630334
BA.5.2.1,39156,2022.7186708297002,2022.8020041630334
BA.5.1,22643,2022.7186708297002,2022.8020041630334
BF.7,12688,2022.7186708297002,2022.8020041630334
BA.4.6,12025,2022.7186708297002,2022.8020041630334
BF.5,11089,2022.7186708297002,2022.8020041630334
BQ.1.1,7575,2022.7186708297002,2022.8020041630334
BE.1.1,5141,2022.7186708297002,2022.8020041630334
BA.5.2.20,4788,2022.7186708297002,2022.8020041630334
BA.5,3947,2022.7186708297002,2022.8020041630334
BA.5.2,44005,2022.73783578521,2022.8211691185434
BA.5.2.1,34801,2022.73783578521,2022.8211691185434
BA.5.1,19581,2022.73783578521,2022.8211691185434
BF.7,13960,2022.73783578521,2022.8211691185434
BQ.1.1,10627,2022.73783578521,2022.8211691185434
BF.5,10601,2022.73783578521,2022.8211691185434
BA.4.6,10521,2022.73783578521,2022.8211691185434
BQ.1,5411,2022.73783578521,2022.8211691185434
BE.1.1,4405,2022.73783578521,2022.8211691185434
BA.5.2.20,4360,2022.73783578521,2022.8211691185434
BA.5.2,38310,2022.75700074072,2022.8403340740533
BA.5.2.1,30711,2022.75700074072,2022.8403340740533
BA.5.1,16623,2022.75700074072,2022.8403340740533
BF.7,14047,2022.75700074072,2022.8403340740533
BQ.1.1,13845,2022.75700074072,2022.8403340740533
BF.5,10195,2022.75700074072,2022.8403340740533
BA.4.6,9193,2022.75700074072,2022.8403340740533
BQ.1,7103,2022.75700074072,2022.8403340740533
BA.5.2.20,3792,2022.75700074072,2022.8403340740533
BE.1.1,3681,2022.75700074072,2022.8403340740533
BA.5.2,33234,2022.77616569623,2022.8594990295633
BA.5.2.1,26637,2022.77616569623,2022.8594990295633
BQ.1.1,18946,2022.77616569623,2022.8594990295633
BF.7,13865,2022.77616569623,2022.8594990295633
BA.5.1,13746,2022.77616569623,2022.8594990295633
BF.5,10098,2022.77616569623,2022.8594990295633
BQ.1,9128,2022.77616569623,2022.8594990295633
BA.4.6,8147,2022.77616569623,2022.8594990295633
XBB.1,4034,2022.77616569623,2022.8594990295633
BA.5.2.6,3642,2022.77616569623,2022.8594990295633
BA.5.2,28218,2022.7953306517397,2022.878663985073
BQ.1.1,24430,2022.7953306517397,2022.878663985073
BA.5.2.1,22521,2022.7953306517397,2022.878663985073
BF.7,13263,2022.7953306517397,2022.878663985073
BQ.1,11119,2022.7953306517397,2022.878663985073
BA.5.1,10998,2022.7953306517397,2022.878663985073
BF.5,10101,2022.7953306517397,2022.878663985073
BA.4.6,6833,2022.7953306517397,2022.878663985073
XBB.1,5013,2022.7953306517397,2022.878663985073
BA.5.2.6,3780,2022.7953306517397,2022.878663985073
BQ.1.1,30813,2022.8144956072497,2022.897828940583
BA.5.2,23668,2022.8144956072497,2022.897828940583
BA.5.2.1,18943,2022.8144956072497,2022.897828940583
BQ.1,12993,2022.8144956072497,2022.897828940583
BF.7,12503,2022.8144956072497,2022.897828940583
BF.5,10303,2022.8144956072497,2022.897828940583
BA.5.1,8920,2022.8144956072497,2022.897828940583
XBB.1,5860,2022.8144956072497,2022.897828940583
BA.4.6,5695,2022.8144956072497,2022.897828940583
BA.5.2.6,3753,2022.8144956072497,2022.897828940583
BQ.1.1,40390,2022.8336605627596,2022.916993896093
BA.5.2,20493,2022.8336605627596,2022.916993896093
BA.5.2.1,16277,2022.8336605627596,2022.916993896093
BQ.1,16090,2022.8336605627596,2022.916993896093
BF.7,12525,2022.8336605627596,2022.916993896093
BF.5,10773,2022.8336605627596,2022.916993896093
BA.5.1,7515,2022.8336605627596,2022.916993896093
XBB.1,6778,2022.8336605627596,2022.916993896093
BA.4.6,4730,2022.8336605627596,2022.916993896093
BA.5.2.6,3924,2022.8336605627596,2022.916993896093
BQ.1.1,48530,2022.8528255182696,2022.9361588516028
BQ.1,18097,2022.8528255182696,2022.9361588516028
BA.5.2,17366,2022.8528255182696,2022.9361588516028
BA.5.2.1,13979,2022.8528255182696,2022.9361588516028
BF.7,11959,2022.8528255182696,2022.9361588516028
BF.5,11204,2022.8528255182696,2022.9361588516028
XBB.1,7395,2022.8528255182696,2022.9361588516028
BA.5.1,6039,2022.8528255182696,2022.9361588516028
BA.5.2.6,3998,2022.8528255182696,2022.9361588516028
BA.4.6,3749,2022.8528255182696,2022.9361588516028
BQ.1.1,56944,2022.8719904737795,2022.9553238071128
BQ.1,19857,2022.8719904737795,2022.9553238071128
BA.5.2,14458,2022.8719904737795,2022.9553238071128
BA.5.2.1,11757,2022.8719904737795,2022.9553238071128
BF.7,11604,2022.8719904737795,2022.9553238071128
BF.5,11148,2022.8719904737795,2022.9553238071128
XBB.1,7646,2022.8719904737795,2022.9553238071128
BA.5.1,5074,2022.8719904737795,2022.9553238071128
BQ.1.1.4,4212,2022.8719904737795,2022.9553238071128
XBB.2.6,4129,2022.8719904737795,2022.9553238071128
BQ.1.1,62032,2022.8911554292895,2022.9744887626227
BQ.1,20404,2022.8911554292895,2022.9744887626227
BA.5.2,11924,2022.8911554292895,2022.9744887626227
BF.5,10896,2022.8911554292895,2022.9744887626227
BF.7,10719,2022.8911554292895,2022.9744887626227
BA.5.2.1,9811,2022.8911554292895,2022.9744887626227
XBB.1,7642,2022.8911554292895,2022.9744887626227
BQ.1.1.4,4641,2022.8911554292895,2022.9744887626227
XBB.2.6,4606,2022.8911554292895,2022.9744887626227
BA.5.1,4109,2022.8911554292895,2022.9744887626227
BQ.1.1,61982,2022.9103203847994,2022.9936537181327
BQ.1,19060,2022.9103203847994,2022.9936537181327
BF.5,10028,2022.9103203847994,2022.9936537181327
BA.5.2,9525,2022.9103203847994,2022.9936537181327
BF.7,9265,2022.9103203847994,2022.9936537181327
BA.5.2.1,7942,2022.9103203847994,2022.9936537181327
XBB.1,6992,2022.9103203847994,2022.9936537181327
XBB.1.5,5792,2022.9103203847994,2022.9936537181327
BQ.1.1.4,4583,2022.9103203847994,2022.9936537181327
XBB.2.6,4327,2022.9103203847994,2022.9936537181327
BQ.1.1,59102,2022.9294853403094,2023.0128186736426
BQ.1,17205,2022.9294853403094,2023.0128186736426
BF.5,8573,2022.9294853403094,2023.0128186736426
XBB.1.5,8525,2022.9294853403094,2023.0128186736426
BF.7,7803,2022.9294853403094,2023.0128186736426
BA.5.2,7369,2022.9294853403094,2023.0128186736426
BA.5.2.1,6209,2022.9294853403094,2023.0128186736426
XBB.1,6045,2022.9294853403094,2023.0128186736426
CH.1.1,5124,2022.9294853403094,2023.0128186736426
BQ.1.1.4,4224,2022.9294853403094,2023.0128186736426
BQ.1.1,52931,2022.9486502958193,2023.0319836291526
BQ.1,14601,2022.9486502958193,2023.0319836291526
XBB.1.5,11822,2022.9486502958193,2023.0319836291526
BF.5,7341,2022.9486502958193,2023.0319836291526
BF.7,6405,2022.9486502958193,2023.0319836291526
BA.5.2,5640,2022.9486502958193,2023.0319836291526
CH.1.1,5564,2022.9486502958193,2023.0319836291526
XBB.1,5203,2022.9486502958193,2023.0319836291526
BA.5.2.1,4725,2022.9486502958193,2023.0319836291526
BN.1.3,3769,2022.9486502958193,2023.0319836291526
BQ.1.1,44511,2022.967815251329,2023.0511485846623
XBB.1.5,15676,2022.967815251329,2023.0511485846623
BQ.1,11852,2022.967815251329,2023.0511485846623
BF.5,5881,2022.967815251329,2023.0511485846623
CH.1.1,5555,2022.967815251329,2023.0511485846623
BF.7,5003,2022.967815251329,2023.0511485846623
XBB.1,4285,2022.967815251329,2023.0511485846623
BA.5.2,4271,2022.967815251329,2023.0511485846623
BA.5.2.1,3539,2022.967815251329,2023.0511485846623
BN.1.3,3535,2022.967815251329,2023.0511485846623
BQ.1.1,38334,2022.986980206839,2023.0703135401723
XBB.1.5,21190,2022.986980206839,2023.0703135401723
BQ.1,9658,2022.986980206839,2023.0703135401723
CH.1.1,5594,2022.986980206839,2023.0703135401723
BF.5,4616,2022.986980206839,2023.0703135401723
BF.7,4124,2022.986980206839,2023.0703135401723
XBB.1,3951,2022.986980206839,2023.0703135401723
BN.1.3,3317,2022.986980206839,2023.0703135401723
BA.5.2,3094,2022.986980206839,2023.0703135401723
XBF,2645,2022.986980206839,2023.0703135401723
BQ.1.1,30897,2023.006145162349,2023.0894784956822
XBB.1.5,26726,2023.006145162349,2023.0894784956822
BQ.1,7129,2023.006145162349,2023.0894784956822
CH.1.1,5315,2023.006145162349,2023.0894784956822
BF.5,4111,2023.006145162349,2023.0894784956822
XBB.1,3594,2023.006145162349,2023.0894784956822
BF.7,3275,2023.006145162349,2023.0894784956822
BN.1.3,3179,2023.006145162349,2023.0894784956822
XBF,2629,2023.006145162349,2023.0894784956822
BA.5.2,2430,2023.006145162349,2023.0894784956822
XBB.1.5,33403,2023.025310117859,2023.1086434511922
BQ.1.1,24390,2023.025310117859,2023.1086434511922
CH.1.1,5265,2023.025310117859,2023.1086434511922
BQ.1,5187,2023.025310117859,2023.1086434511922
XBB.1,3185,2023.025310117859,2023.1086434511922
BN.1.3,2993,2023.025310117859,2023.1086434511922
BF.5,2804,2023.025310117859,2023.1086434511922
XBF,2492,2023.025310117859,2023.1086434511922
BF.7,2452,2023.025310117859,2023.1086434511922
BN.1.2,1956,2023.025310117859,2023.1086434511922
XBB.1.5,40600,2023.0444750733689,2023.1278084067021
BQ.1.1,19540,2023.0444750733689,2023.1278084067021
CH.1.1,5278,2023.0444750733689,2023.1278084067021
BQ.1,3810,2023.0444750733689,2023.1278084067021
XBB.1,2991,2023.0444750733689,2023.1278084067021
BN.1.3,2765,2023.0444750733689,2023.1278084067021
XBF,2351,2023.0444750733689,2023.1278084067021
CH.1.1.1,2077,2023.0444750733689,2023.1278084067021
BF.5,1968,2023.0444750733689,2023.1278084067021
BF.7,1834,2023.0444750733689,2023.1278084067021
XBB.1.5,46765,2023.0636400288788,2023.146973362212
BQ.1.1,15672,2023.0636400288788,2023.146973362212
CH.1.1,5387,2023.0636400288788,2023.146973362212
BQ.1,2773,2023.0636400288788,2023.146973362212
XBB.1,2731,2023.0636400288788,2023.146973362212
BN.1.3,2554,2023.0636400288788,2023.146973362212
XBF,2285,2023.0636400288788,2023.146973362212
CH.1.1.1,2275,2023.0636400288788,2023.146973362212
XBB.1.5.7,1954,2023.0636400288788,2023.146973362212
BN.1.2,1728,2023.0636400288788,2023.146973362212
XBB.1.5,51055,2023.0828049843888,2023.166138317722
BQ.1.1,12242,2023.0828049843888,2023.166138317722
CH.1.1,5172,2023.0828049843888,2023.166138317722
XBB.1,2517,2023.0828049843888,2023.166138317722
CH.1.1.1,2264,2023.0828049843888,2023.166138317722
XBB.1.5.7,2260,2023.0828049843888,2023.166138317722
BN.1.3,2187,2023.0828049843888,2023.166138317722
BQ.1,2140,2023.0828049843888,2023.166138317722
XBF,2131,2023.0828049843888,2023.166138317722
XBB.1.5.13,1887,2023.0828049843888,2023.166138317722
XBB.1.5,53302,2023.1019699398987,2023.185303273232
BQ.1.1,9095,2023.1019699398987,2023.185303273232
CH.1.1,4697,2023.1019699398987,2023.185303273232
XBB.1.5.7,2501,2023.1019699398987,2023.185303273232
XBB.1,2277,2023.1019699398987,2023.185303273232
XBB.1.9.1,2274,2023.1019699398987,2023.185303273232
XBB.1.5.13,2166,2023.1019699398987,2023.185303273232
CH.1.1.1,2057,2023.1019699398987,2023.185303273232
XBF,1989,2023.1019699398987,2023.185303273232
BN.1.3,1846,2023.1019699398987,2023.185303273232
XBB.1.5,53297,2023.1211348954087,2023.204468228742
BQ.1.1,6583,2023.1211348954087,2023.204468228742
CH.1.1,4184,2023.1211348954087,2023.204468228742
XBB.1.9.1,2993,2023.1211348954087,2023.204468228742
XBB.1.5.7,2563,2023.1211348954087,2023.204468228742
XBB.1.5.13,2363,2023.1211348954087,2023.204468228742
XBB.1,2121,2023.1211348954087,2023.204468228742
CH.1.1.1,1809,2023.1211348954087,2023.204468228742
XBF,1790,2023.1211348954087,2023.204468228742
BN.1.3,1587,2023.1211348954087,2023.204468228742
XBB.1.5,51992,2023.1402998509184,2023.2236331842516
BQ.1.1,4588,2023.1402998509184,2023.2236331842516
XBB.1.9.1,3562,2023.1402998509184,2023.2236331842516
CH.1.1,3452,2023.1402998509184,2023.2236331842516
XBB.1.5.7,2533,2023.1402998509184,2023.2236331842516
XBB.1.5.13,2472,2023.1402998509184,2023.2236331842516
XBB.1.16,1998,2023.1402998509184,2023.2236331842516
XBB.1,1943,2023.1402998509184,2023.2236331842516
XBB.1.9.2,1768,2023.1402998509184,2023.2236331842516
XBF,1561,2023.1402998509184,2023.2236331842516
XBB.1.5,49626,2023.1594648064283,2023.2427981397616
XBB.1.9.1,4064,2023.1594648064283,2023.2427981397616
BQ.1.1,3207,2023.1594648064283,2023.2427981397616
XBB.1.16,3120,2023.1594648064283,2023.2427981397616
CH.1.1,2823,2023.1594648064283,2023.2427981397616
XBB.1.5.13,2470,2023.1594648064283,2023.2427981397616
XBB.1.5.7,2463,2023.1594648064283,2023.2427981397616
XBB.1.9.2,2160,2023.1594648064283,2023.2427981397616
XBB.1,1739,2023.1594648064283,2023.2427981397616
XBB.1.5.12,1451,2023.1594648064283,2023.2427981397616
XBB.1.5,45649,2023.1786297619383,2023.2619630952715
XBB.1.16,4441,2023.1786297619383,2023.2619630952715
XBB.1.9.1,4380,2023.1786297619383,2023.2619630952715
XBB.1.9.2,2405,2023.1786297619383,2023.2619630952715
XBB.1.5.13,2359,2023.1786297619383,2023.2619630952715
BQ.1.1,2273,2023.1786297619383,2023.2619630952715
XBB.1.5.7,2233,2023.1786297619383,2023.2619630952715
CH.1.1,2192,2023.1786297619383,2023.2619630952715
XBB.1,1526,2023.1786297619383,2023.2619630952715
XBB.1.5.12,1402,2023.1786297619383,2023.2619630952715
XBB.1.5,41341,2023.1977947174482,2023.2811280507815
XBB.1.16,5626,2023.1977947174482,2023.2811280507815
XBB.1.9.1,4503,2023.1977947174482,2023.2811280507815
XBB.1.9.2,2525,2023.1977947174482,2023.2811280507815
XBB.1.5.13,2161,2023.1977947174482,2023.2811280507815
XBB.1.5.7,1917,2023.1977947174482,2023.2811280507815
CH.1.1,1680,2023.1977947174482,2023.2811280507815
XBB.1.16.1,1624,2023.1977947174482,2023.2811280507815
BQ.1.1,1571,2023.1977947174482,2023.2811280507815
EG.1,1520,2023.1977947174482,2023.2811280507815
XBB.1.5,36665,2023.2169596729582,2023.3002930062914
XBB.1.16,6545,2023.2169596729582,2023.3002930062914
XBB.1.9.1,4554,2023.2169596729582,2023.3002930062914
XBB.1.9.2,2615,2023.2169596729582,2023.3002930062914
XBB.1.16.1,1922,2023.2169596729582,2023.3002930062914
XBB.1.5.13,1892,2023.2169596729582,2023.3002930062914
EG.1,1756,2023.2169596729582,2023.3002930062914
XBB.1.5.7,1613,2023.2169596729582,2023.3002930062914
FL.4,1477,2023.2169596729582,2023.3002930062914
CH.1.1,1288,2023.2169596729582,2023.3002930062914
XBB.1.5,32022,2023.2361246284681,2023.3194579618014
XBB.1.16,7039,2023.2361246284681,2023.3194579618014
XBB.1.9.1,4661,2023.2361246284681,2023.3194579618014
XBB.1.9.2,2700,2023.2361246284681,2023.3194579618014
XBB.1.16.1,2058,2023.2361246284681,2023.3194579618014
EG.1,1966,2023.2361246284681,2023.3194579618014
FL.4,1653,2023.2361246284681,2023.3194579618014
XBB.1.5.13,1650,2023.2361246284681,2023.3194579618014
XBB.1.5.7,1308,2023.2361246284681,2023.3194579618014
XBB.2.3,1303,2023.2361246284681,2023.3194579618014
XBB.1.5,28233,2023.255289583978,2023.3386229173113
XBB.1.16,7330,2023.255289583978,2023.3386229173113
XBB.1.9.1,4555,2023.255289583978,2023.3386229173113
XBB.1.9.2,2615,2023.255289583978,2023.3386229173113
XBB.1.16.1,2255,2023.255289583978,2023.3386229173113
EG.1,2104,2023.255289583978,2023.3386229173113
FL.4,1868,2023.255289583978,2023.3386229173113
XBB.1.5.13,1393,2023.255289583978,2023.3386229173113
XBB.2.3,1294,2023.255289583978,2023.3386229173113
FL.2,1186,2023.255289583978,2023.3386229173113
XBB.1.5,25041,2023.274454539488,2023.3577878728213
XBB.1.16,7314,2023.274454539488,2023.3577878728213
XBB.1.9.1,4495,2023.274454539488,2023.3577878728213
XBB.1.9.2,2589,2023.274454539488,2023.3577878728213
XBB.1.16.1,2344,2023.274454539488,2023.3577878728213
EG.1,2211,2023.274454539488,2023.3577878728213
FL.4,2030,2023.274454539488,2023.3577878728213
FL.2,1264,2023.274454539488,2023.3577878728213
XBB.2.3,1260,2023.274454539488,2023.3577878728213
XBB.1.5.13,1146,2023.274454539488,2023.3577878728213
XBB.1.5,20828,2023.293619494998,2023.3769528283312
XBB.1.16,7143,2023.293619494998,2023.3769528283312
XBB.1.9.1,4250,2023.293619494998,2023.3769528283312
XBB.1.16.1,2441,2023.293619494998,2023.3769528283312
XBB.1.9.2,2434,2023.293619494998,2023.3769528283312
EG.1,2251,2023.293619494998,2023.3769528283312
FL.4,2172,2023.293619494998,2023.3769528283312
FU.1,1245,2023.293619494998,2023.3769528283312
FL.2,1228,2023.293619494998,2023.3769528283312
XBB.2.3,1202,2023.293619494998,2023.3769528283312
XBB.1.5,17152,2023.3127844505077,2023.396117783841
XBB.1.16,7000,2023.3127844505077,2023.396117783841
XBB.1.9.1,3984,2023.3127844505077,2023.396117783841
XBB.1.16.1,2534,2023.3127844505077,2023.396117783841
FL.4,2248,2023.3127844505077,2023.396117783841
XBB.1.9.2,2240,2023.3127844505077,2023.396117783841
EG.1,2196,2023.3127844505077,2023.396117783841
FU.1,1443,2023.3127844505077,2023.396117783841
FL.2,1203,2023.3127844505077,2023.396117783841
XBB.2.3,1168,2023.3127844505077,2023.396117783841
XBB.1.5,13719,2023.3319494060177,2023.415282739351
XBB.1.16,6693,2023.3319494060177,2023.415282739351
XBB.1.9.1,3541,2023.3319494060177,2023.415282739351
XBB.1.16.1,2431,2023.3319494060177,2023.415282739351
FL.4,2153,2023.3319494060177,2023.415282739351
EG.1,2149,2023.3319494060177,2023.415282739351
XBB.1.9.2,2037,2023.3319494060177,2023.415282739351
FU.1,1614,2023.3319494060177,2023.415282739351
XBB.2.3,1113,2023.3319494060177,2023.415282739351
FL.2,1040,2023.3319494060177,2023.415282739351
XBB.1.5,10725,2023.3511143615276,2023.4344476948609
XBB.1.16,6471,2023.3511143615276,2023.4344476948609
XBB.1.9.1,3120,2023.3511143615276,2023.4344476948609
XBB.1.16.1,2317,2023.3511143615276,2023.4344476948609
FL.4,2043,2023.3511143615276,2023.4344476948609
EG.1,2008,2023.3511143615276,2023.4344476948609
XBB.1.9.2,1831,2023.3511143615276,2023.4344476948609
FU.1,1682,2023.3511143615276,2023.4344476948609
XBB.2.3,1089,2023.3511143615276,2023.4344476948609
FL.2,916,2023.3511143615276,2023.4344476948609
XBB.1.5,8285,2023.3702793170376,2023.4536126503708
XBB.1.16,6073,2023.3702793170376,2023.4536126503708
XBB.1.9.1,2695,2023.3702793170376,2023.4536126503708
XBB.1.16.1,2138,2023.3702793170376,2023.4536126503708
FL.4,1847,2023.3702793170376,2023.4536126503708
EG.1,1783,2023.3702793170376,2023.4536126503708
FU.1,1687,2023.3702793170376,2023.4536126503708
XBB.1.9.2,1603,2023.3702793170376,2023.4536126503708
EG.5.1.1,1083,2023.3702793170376,2023.4536126503708
XBB.2.3,1049,2023.3702793170376,2023.4536126503708
XBB.1.5,6476,2023.3894442725475,2023.4727776058808
XBB.1.16,5533,2023.3894442725475,2023.4727776058808
XBB.1.9.1,2188,2023.3894442725475,2023.4727776058808
XBB.1.16.1,1974,2023.3894442725475,2023.4727776058808
FU.1,1636,2023.3894442725475,2023.4727776058808
FL.4,1631,2023.3894442725475,2023.4727776058808
EG.1,1603,2023.3894442725475,2023.4727776058808
EG.5.1.1,1359,2023.3894442725475,2023.4727776058808
XBB.1.9.2,1287,2023.3894442725475,2023.4727776058808
XBB.2.3,993,2023.3894442725475,2023.4727776058808
XBB.1.5,5098,2023.4086092280575,2023.4919425613907
XBB.1.16,5050,2023.4086092280575,2023.4919425613907
XBB.1.16.1,1852,2023.4086092280575,2023.4919425613907
XBB.1.9.1,1839,2023.4086092280575,2023.4919425613907
EG.5.1.1,1660,2023.4086092280575,2023.4919425613907
FU.1,1492,2023.4086092280575,2023.4919425613907
FL.4,1403,2023.4086092280575,2023.4919425613907
EG.1,1353,2023.4086092280575,2023.4919425613907
XBB.1.9.2,1060,2023.4086092280575,2023.4919425613907
XBB.2.3,921,2023.4086092280575,2023.4919425613907
XBB.1.16,4469,2023.4277741835674,2023.5111075169007
XBB.1.5,3919,2023.4277741835674,2023.5111075169007
EG.5.1.1,1956,2023.4277741835674,2023.5111075169007
XBB.1.16.1,1652,2023.4277741835674,2023.5111075169007
XBB.1.9.1,1436,2023.4277741835674,2023.5111075169007
FU.1,1330,2023.4277741835674,2023.5111075169007
EG.1,1155,2023.4277741835674,2023.5111075169007
FL.4,1141,2023.4277741835674,2023.5111075169007
EG.5.1,1012,2023.4277741835674,2023.5111075169007
XBB.2.3,873,2023.4277741835674,2023.5111075169007
XBB.1.16,4171,2023.4469391390774,2023.5302724724106
XBB.1.5,3108,2023.4469391390774,2023.5302724724106
EG.5.1.1,2341,2023.4469391390774,2023.5302724724106
XBB.1.16.1,1568,2023.4469391390774,2023.5302724724106
EG.5.1,1345,2023.4469391390774,2023.5302724724106
FU.1,1218,2023.4469391390774,2023.5302724724106
XBB.1.9.1,1146,2023.4469391390774,2023.5302724724106
EG.1,1001,2023.4469391390774,2023.5302724724106
FL.4,960,2023.4469391390774,2023.5302724724106
XBB.2.3,859,2023.4469391390774,2023.5302724724106
XBB.1.16,4011,2023.4661040945873,2023.5494374279206
EG.5.1.1,2751,2023.4661040945873,2023.5494374279206
XBB.1.5,2573,2023.4661040945873,2023.5494374279206
EG.5.1,1652,2023.4661040945873,2023.5494374279206
XBB.1.16.1,1454,2023.4661040945873,2023.5494374279206
FU.1,1072,2023.4661040945873,2023.5494374279206
XBB.1.9.1,952,2023.4661040945873,2023.5494374279206
EG.1,863,2023.4661040945873,2023.5494374279206
XBB.2.3,849,2023.4661040945873,2023.5494374279206
FL.4,822,2023.4661040945873,2023.5494374279206
XBB.1.16,3952,2023.485269050097,2023.5686023834303
EG.5.1.1,3375,2023.485269050097,2023.5686023834303
XBB.1.5,2247,2023.485269050097,2023.5686023834303
EG.5.1,2122,2023.485269050097,2023.5686023834303
XBB.1.16.1,1359,2023.485269050097,2023.5686023834303
FU.1,966,2023.485269050097,2023.5686023834303
XBB.2.3,903,2023.485269050097,2023.5686023834303
GJ.1.2,891,2023.485269050097,2023.5686023834303
XBB.1.9.1,847,2023.485269050097,2023.5686023834303
XBB.1.16.6,788,2023.485269050097,2023.5686023834303
EG.5.1.1,4164,2023.504434005607,2023.5877673389402
XBB.1.16,4146,2023.504434005607,2023.5877673389402
EG.5.1,2722,2023.504434005607,2023.5877673389402
XBB.1.5,2109,2023.504434005607,2023.5877673389402
XBB.1.16.1,1409,2023.504434005607,2023.5877673389402
XBB.1.16.6,1133,2023.504434005607,2023.5877673389402
GJ.1.2,1055,2023.504434005607,2023.5877673389402
XBB.2.3,972,2023.504434005607,2023.5877673389402
FU.1,926,2023.504434005607,2023.5877673389402
FL.1.5.1,896,2023.504434005607,2023.5877673389402
EG.5.1.1,5011,2023.523598961117,2023.6069322944502
XBB.1.16,4388,2023.523598961117,2023.6069322944502
EG.5.1,3383,2023.523598961117,2023.6069322944502
XBB.1.5,1996,2023.523598961117,2023.6069322944502
XBB.1.16.6,1495,2023.523598961117,2023.6069322944502
XBB.1.16.1,1458,2023.523598961117,2023.6069322944502
EG.5.1.3,1290,2023.523598961117,2023.6069322944502
FL.1.5.1,1250,2023.523598961117,2023.6069322944502
GJ.1.2,1219,2023.523598961117,2023.6069322944502
XBB.2.3,1038,2023.523598961117,2023.6069322944502
EG.5.1.1,5981,2023.5427639166269,2023.6260972499601
XBB.1.16,4495,2023.5427639166269,2023.6260972499601
EG.5.1,4180,2023.5427639166269,2023.6260972499601
XBB.1.16.6,2055,2023.5427639166269,2023.6260972499601
XBB.1.5,1892,2023.5427639166269,2023.6260972499601
EG.5.1.3,1836,2023.5427639166269,2023.6260972499601
FL.1.5.1,1663,2023.5427639166269,2023.6260972499601
XBB.1.16.1,1428,2023.5427639166269,2023.6260972499601
GJ.1.2,1343,2023.5427639166269,2023.6260972499601
XBB.1.16.11,1110,2023.5427639166269,2023.6260972499601
EG.5.1.1,7074,2023.5619288721368,2023.64526220547
EG.5.1,5191,2023.5619288721368,2023.64526220547
XBB.1.16,4581,2023.5619288721368,2023.64526220547
XBB.1.16.6,2799,2023.5619288721368,2023.64526220547
EG.5.1.3,2529,2023.5619288721368,2023.64526220547
FL.1.5.1,2222,2023.5619288721368,2023.64526220547
XBB.1.5,1790,2023.5619288721368,2023.64526220547
GJ.1.2,1518,2023.5619288721368,2023.64526220547
XBB.1.16.11,1410,2023.5619288721368,2023.64526220547
XBB.1.16.1,1398,2023.5619288721368,2023.64526220547
EG.5.1.1,8132,2023.5810938276468,2023.66442716098
EG.5.1,6020,2023.5810938276468,2023.66442716098
XBB.1.16,4490,2023.5810938276468,2023.66442716098
XBB.1.16.6,3438,2023.5810938276468,2023.66442716098
EG.5.1.3,3203,2023.5810938276468,2023.66442716098
FL.1.5.1,2874,2023.5810938276468,2023.66442716098
XBB.1.5,1712,2023.5810938276468,2023.66442716098
XBB.1.16.11,1703,2023.5810938276468,2023.66442716098
GJ.1.2,1683,2023.5810938276468,2023.66442716098
EG.5.1.4,1394,2023.5810938276468,2023.66442716098
EG.5.1.1,8969,2023.6002587831567,2023.68359211649
EG.5.1,6503,2023.6002587831567,2023.68359211649
XBB.1.16,4062,2023.6002587831567,2023.68359211649
XBB.1.16.6,4009,2023.6002587831567,2023.68359211649
EG.5.1.3,3914,2023.6002587831567,2023.68359211649
FL.1.5.1,3483,2023.6002587831567,2023.68359211649
XBB.1.16.11,1972,2023.6002587831567,2023.68359211649
HK.3,1786,2023.6002587831567,2023.68359211649
GJ.1.2,1719,2023.6002587831567,2023.68359211649
EG.5.1.4,1660,2023.6002587831567,2023.68359211649
EG.5.1.1,9636,2023.6194237386667,2023.702757072
EG.5.1,6706,2023.6194237386667,2023.702757072
EG.5.1.3,4501,2023.6194237386667,2023.702757072
XBB.1.16.6,4364,2023.6194237386667,2023.702757072
FL.1.5.1,4131,2023.6194237386667,2023.702757072
XBB.1.16,3602,2023.6194237386667,2023.702757072
HK.3,2529,2023.6194237386667,2023.702757072
XBB.1.16.11,2136,2023.6194237386667,2023.702757072
EG.5.1.4,1854,2023.6194237386667,2023.702757072
HV.1,1851,2023.6194237386667,2023.702757072
EG.5.1.1,9609,2023.6385886941766,2023.72192202751
EG.5.1,6518,2023.6385886941766,2023.72192202751
EG.5.1.3,4694,2023.6385886941766,2023.72192202751
XBB.1.16.6,4483,2023.6385886941766,2023.72192202751
FL.1.5.1,4431,2023.6385886941766,2023.72192202751
HK.3,3216,2023.6385886941766,2023.72192202751
XBB.1.16,3017,2023.6385886941766,2023.72192202751
HV.1,2438,2023.6385886941766,2023.72192202751
XBB.1.16.11,2157,2023.6385886941766,2023.72192202751
EG.5.1.4,1921,2023.6385886941766,2023.72192202751
EG.5.1.1,8653,2023.6577536496864,2023.7410869830196
EG.5.1,5601,2023.6577536496864,2023.7410869830196
EG.5.1.3,4611,2023.6577536496864,2023.7410869830196
FL.1.5.1,4273,2023.6577536496864,2023.7410869830196
XBB.1.16.6,4155,2023.6577536496864,2023.7410869830196
HK.3,3521,2023.6577536496864,2023.7410869830196
HV.1,2862,2023.6577536496864,2023.7410869830196
XBB.1.16,2334,2023.6577536496864,2023.7410869830196
XBB.1.16.11,1995,2023.6577536496864,2023.7410869830196
EG.5.1.4,1723,2023.6577536496864,2023.7410869830196
EG.5.1.1,6902,2023.6769186051963,2023.7602519385296
EG.5.1,4311,2023.6769186051963,2023.7602519385296
EG.5.1.3,3822,2023.6769186051963,2023.7602519385296
FL.1.5.1,3580,2023.6769186051963,2023.7602519385296
HK.3,3336,2023.6769186051963,2023.7602519385296
XBB.1.16.6,3297,2023.6769186051963,2023.7602519385296
HV.1,2719,2023.6769186051963,2023.7602519385296
XBB.1.16,1657,2023.6769186051963,2023.7602519385296
XBB.1.16.11,1575,2023.6769186051963,2023.7602519385296
EG.5.1.4,1336,2023.6769186051963,2023.7602519385296
